顧客ID,顧客区分,顧客名,地域,都道府県,市区町村,初回契約日,社員ID,顧客満足度
C-1000007,企業規模小,株式会社鈴木工業,関東地方,東京都,台東区,2015/1/9,101782,3
C-1000008,その他,株式会社中村工業,四国,徳島県,徳島市,2015/1/15,100726,3
C-1000009,企業規模中,大和屋根工事合同会社,関西地方,三重県,津市,2015/1/19,101305,2
C-1000010,企業規模大,株式会社ユタカ,関東地方,千葉県,松戸市,2015/1/19,107576,5
C-1000011,企業規模中,合資会社橋本商店,関東地方,東京都,大田区,2015/1/21,103152,1
C-1000019,企業規模小,株式会社タカヤマ,関東地方,神奈川県,横浜市金沢区,2015/2/5,101927,2
C-1000021,企業規模小,株式会社山田屋,北海道,北海道,枝幸郡浜頓別町,2015/2/6,103469,1
C-1000022,企業規模大,株式会社アークス,関東地方,東京都,狛江市,2015/2/6,106938,5
C-1000027,企業規模中,合同会社あすなろ,関東地方,東京都,世田谷区,2015/2/16,105689,4
C-1000030,その他,合同会社Ｏｋａｂｅ,北海道,北海道,札幌市西区,2015/2/20,103469,2
C-1000028,企業規模小,中央建設株式会社,関東地方,東京都,千代田区,2015/2/20,100002,3
C-1000031,企業規模中,合同会社ＪＳＩＡ,関東地方,埼玉県,鴻巣市,2015/2/23,101554,2
C-1000032,企業規模中,株式会社タイセイ,関東地方,神奈川県,平塚市,2015/2/24,101927,2
C-1000036,企業規模大,株式会社大翔,関東地方,神奈川県,平塚市,2015/2/27,105743,3
C-1000035,企業規模小,合名会社釜新商店,関西地方,大阪府,豊中市,2015/2/27,105083,1
C-1000044,企業規模大,有限会社木村工業,北海道,北海道,札幌市西区,2015/3/5,100173,5
C-1000045,企業規模中,合同会社ＢＯＷＴＹ,中部地方,愛知県,一宮市,2015/3/5,104444,4
C-1000050,企業規模中,合名会社武藏屋本店,中部地方,愛知県,一宮市,2015/3/7,102065,5
C-1000051,企業規模大,有限会社大和建設,関東地方,東京都,世田谷区,2015/3/9,102498,4
C-1000052,企業規模中,有限会社ダイテック,北海道,北海道,札幌市中央区,2015/3/9,106016,5
C-1000055,企業規模大,合名会社太田商店,関東地方,東京都,港区,2015/3/11,107115,3
C-1000056,その他,合名会社スルガヤ薬局,関東地方,埼玉県,さいたま市岩槻区,2015/3/12,101554,4
C-1000060,企業規模中,有限会社山本組,東北地方,宮城県,仙台市泉区,2015/3/13,102214,2
C-1000066,企業規模中,有限会社ジョイフル,東北地方,宮城県,仙台市宮城野区,2015/3/20,102214,3
C-1000072,企業規模小,有限会社フィール,四国,愛媛県,松山市,2015/4/1,100708,4
C-1000075,企業規模小,有限会社大創,関西地方,大阪府,大阪市淀川区,2015/4/6,100798,4
C-1000079,企業規模中,株式会社KRS,関東地方,埼玉県,さいたま市岩槻区,2015/4/12,101554,2
C-1000080,企業規模中,株式会社クロスロード,北海道,北海道,札幌市北区,2015/4/17,100173,4
C-1000081,その他,有限会社小林,関東地方,東京都,江東区,2015/4/18,100556,1
C-1000083,その他,有限会社エスプリ,東北地方,宮城県,仙台市宮城野区,2015/4/20,102214,3
C-1000084,企業規模小,有限会社渡辺製作所,関東地方,東京都,板橋区,2015/4/23,107878,4
C-1000087,その他,株式会社三喜,関西地方,大阪府,豊中市,2015/4/27,102241,5
C-1000091,企業規模中,有限会社松田商店,中国地方,広島県,広島市安佐南区,2015/4/29,104482,2
C-1000089,その他,有限会社協和,関東地方,東京都,武蔵村山市,2015/4/29,100556,1
C-1000094,企業規模中,株式会社OWL,関西地方,兵庫県,神戸市中央区,2015/4/30,101812,4
C-1000095,企業規模小,有限会社ジャスト,関西地方,大阪府,箕面市,2015/5/3,105083,3
C-1000096,企業規模中,有限会社清水屋,関東地方,東京都,港区,2015/5/6,105849,2
C-1000098,企業規模小,株式会社Roots,中部地方,静岡県,静岡市葵区,2015/5/9,107395,2
C-1000099,企業規模小,株式会社オオツカ,中部地方,山梨県,甲府市,2015/5/11,100376,2
C-1000102,その他,株式会社トーホー,関東地方,千葉県,船橋市,2015/5/12,104897,5
C-1000106,企業規模中,有限会社ムラタ,東北地方,宮城県,仙台市泉区,2015/5/16,102214,2
C-1000070,企業規模小,有限会社サンエイ,関東地方,東京都,中央区,2015/3/30,103152,4
C-1000108,企業規模中,エース株式会社,東北地方,宮城県,仙台市泉区,2015/6/9,103762,5
C-1000111,企業規模中,合資会社麒麟ピーシー,関東地方,神奈川県,横浜市南区,2015/6/22,101927,3
C-1000114,企業規模大,有限会社アネスト,関東地方,東京都,品川区,2015/7/2,105849,3
C-1000116,企業規模中,合同会社ＴＲ,東北地方,福島県,郡山市,2015/7/16,102443,2
C-1000117,企業規模中,有限会社太田商店,関東地方,東京都,葛飾区,2015/7/17,101971,4
C-1000118,企業規模中,株式会社アクシア,関東地方,東京都,台東区,2015/7/18,105874,3
C-1000124,企業規模小,有限会社ループ,関西地方,兵庫県,神戸市東灘区,2015/7/30,101013,2
C-1000127,企業規模大,有限会社石川商店,関東地方,東京都,港区,2015/8/12,105874,5
C-1000131,企業規模小,オリオン通信ネットワークス合資会社,関東地方,神奈川県,横浜市瀬谷区,2015/8/17,107476,1
C-1000130,その他,有限会社ケイアンドエム,関東地方,東京都,墨田区,2015/8/17,107855,3
C-1000133,企業規模小,東陽観光企業合名会社,関東地方,千葉県,市川市,2015/8/21,103010,1
C-1000135,企業規模中,株式会社クオリア,関西地方,大阪府,大阪市淀川区,2015/8/23,100516,5
C-1000138,企業規模小,合同会社ＳＴＣコンシューマプロダクツ,中部地方,愛知県,名古屋市西区,2015/8/25,102890,1
C-1000139,企業規模大,合資会社富田物産舘,関東地方,神奈川県,横浜市金沢区,2015/8/27,105743,4
C-1000074,企業規模中,合名会社伊勢参宮屋,関東地方,埼玉県,さいたま市桜区,2015/4/3,101554,1
C-1000143,企業規模大,合名会社花岩本店,関東地方,埼玉県,さいたま市浦和区,2015/9/9,100650,3
C-1000146,企業規模小,株式会社STC,関東地方,東京都,新宿区,2015/9/11,102125,4
C-1000147,企業規模小,合同会社Ｙｕｉｂｉ,中部地方,愛知県,名古屋市中川区,2015/9/12,104444,2
C-1000150,企業規模中,株式会社昭栄,関東地方,東京都,墨田区,2015/9/15,100556,3
C-1000152,企業規模小,大栄建設株式会社,九州,福岡県,福岡市南区,2015/9/16,105580,2
C-1000155,企業規模小,株式会社ウイン,北海道,北海道,苫前郡羽幌町,2015/9/17,106016,5
C-1000156,企業規模中,株式会社K＆S,関東地方,埼玉県,久喜市,2015/9/19,101554,1
C-1000067,企業規模小,有限会社スリーエス,関東地方,東京都,港区,2015/3/20,100556,4
C-1000160,企業規模小,有限会社あすか,東北地方,岩手県,盛岡市,2015/9/22,102443,2
C-1000162,企業規模大,合名会社鈴木商店,北海道,北海道,小樽市,2015/9/23,100095,3
C-1000161,企業規模中,合資会社マサル鉄工所,関東地方,東京都,大田区,2015/9/23,107855,1
C-1000164,企業規模中,株式会社大興,関東地方,東京都,練馬区,2015/10/5,100556,2
C-1000012,企業規模小,大雪ドライブ有限会社,関東地方,神奈川県,海老名市,2015/1/22,106122,1
C-1000167,企業規模大,有限会社ナカジマ,関東地方,神奈川県,川崎市高津区,2015/10/9,100324,5
C-1000168,企業規模小,株式会社ビジネスサポート,北海道,北海道,赤平市,2015/10/10,101542,2
C-1000169,企業規模小,株式会社ワコー,四国,徳島県,徳島市,2015/10/12,100726,2
C-1000171,企業規模中,合名会社免疫健康商会,関東地方,東京都,世田谷区,2015/10/12,107878,5
C-1000173,企業規模小,株式会社キング,関東地方,東京都,板橋区,2015/10/16,100556,1
C-1000174,企業規模中,合資会社丸長青果市場,北海道,北海道,札幌市中央区,2015/10/16,101292,1
C-1000178,企業規模小,株式会社NEO,関東地方,神奈川県,川崎市麻生区,2015/10/26,103882,5
C-1000179,企業規模中,株式会社飛鳥,関東地方,東京都,中野区,2015/10/26,105689,5
C-1000184,企業規模大,合資会社桑名商事,中国地方,岡山県,岡山市中区,2015/10/28,101428,4
C-1000193,企業規模中,株式会社エナジー,中部地方,愛知県,高浜市,2015/11/7,102890,2
C-1000196,企業規模小,株式会社SSC,関東地方,東京都,荒川区,2015/11/19,101782,2
C-1000195,企業規模中,株式会社建匠,関西地方,大阪府,大阪市住吉区,2015/11/19,101242,4
C-1000201,企業規模大,合同会社ルミエール洋装店,関東地方,東京都,千代田区,2015/11/27,100002,2
C-1000058,企業規模中,合同会社太田工業,関西地方,大阪府,大阪市中央区,2015/3/12,105083,1
C-1000205,企業規模中,有限会社テクノス,関東地方,埼玉県,川口市,2015/11/28,100650,4
C-1000210,企業規模小,株式会社東亜,関東地方,東京都,品川区,2015/12/8,101517,5
C-1000166,企業規模小,株式会社扇屋,関東地方,東京都,江戸川区,2015/10/6,107878,4
C-1000212,その他,有限会社松本建設,関東地方,東京都,港区,2015/12/15,100446,5
C-1000120,企業規模小,合名会社久住商店,九州,福岡県,福岡市博多区,2015/7/25,105580,2
C-1000213,企業規模中,合名会社津證券,関東地方,東京都,新宿区,2015/12/17,100556,3
C-1000216,企業規模大,株式会社明和,関東地方,東京都,港区,2015/12/18,105874,4
C-1000217,企業規模中,合同会社Ｍ＆Ａ,関東地方,神奈川県,大和市,2015/12/20,101206,3
C-1000218,企業規模小,エスアール合同会社,北海道,北海道,千歳市,2015/12/22,103469,1
C-1000219,企業規模中,株式会社アールズ,関西地方,大阪府,大阪市生野区,2015/12/23,106237,4
C-1000220,企業規模小,有限会社アクト,関東地方,東京都,新宿区,2015/12/28,102498,3
C-1000223,企業規模小,有限会社山田製作所,関東地方,東京都,港区,2016/1/1,100556,1
C-1000222,その他,合同会社グループ明伸,関西地方,大阪府,大阪市中央区,2016/1/1,105523,3
C-1000224,その他,合名会社オーティーエー,関西地方,大阪府,八尾市,2016/1/9,102434,1
C-1000225,企業規模小,有限会社プロフィット,中部地方,岐阜県,多治見市,2016/1/15,100376,1
C-1000082,企業規模中,合名会社内山タンス店,中部地方,愛知県,名古屋市千種区,2015/4/20,102065,3
C-1000226,企業規模大,株式会社ウィル,九州,熊本県,熊本市西区,2016/1/18,103439,3
C-1000228,企業規模大,合名会社舟橋薬品,関東地方,埼玉県,ふじみ野市,2016/1/21,101554,2
C-1000163,企業規模小,有限会社ビーンズ,中部地方,愛知県,東海市,2015/10/4,103462,3
C-1000234,企業規模大,株式会社大幸,北海道,北海道,札幌市手稲区,2016/2/3,100095,3
C-1000236,企業規模大,株式会社大信,関東地方,埼玉県,さいたま市南区,2016/2/4,100650,3
C-1000235,企業規模小,株式会社サンケイ,北海道,北海道,札幌市厚別区,2016/2/4,100095,3
C-1000238,企業規模小,有限会社協和工業,関西地方,大阪府,大阪市東住吉区,2016/2/8,100798,2
C-1000239,企業規模小,有限会社司工業,関東地方,埼玉県,さいたま市桜区,2016/2/9,101554,1
C-1000240,企業規模大,合資会社田中商店,関東地方,東京都,足立区,2016/2/10,104054,4
C-1000241,企業規模大,有限会社マルミ,北海道,北海道,北広島市,2016/2/11,100095,2
C-1000046,企業規模中,株式会社楓,関東地方,千葉県,佐倉市,2015/3/6,103010,2
C-1000245,企業規模大,有限会社マーキュリー,四国,香川県,仲多度郡多度津町,2016/2/22,100726,4
C-1000246,企業規模小,株式会社ライフステージ,関東地方,神奈川県,座間市,2016/2/22,103882,5
C-1000248,企業規模中,合同会社歩建設,関東地方,東京都,文京区,2016/2/29,107051,3
C-1000251,企業規模大,株式会社ユニティー,関西地方,滋賀県,大津市,2016/3/1,101809,4
C-1000252,企業規模小,合名会社西村綿業,北海道,北海道,滝川市,2016/3/3,102127,5
C-1000258,企業規模大,株式会社ランド,北海道,北海道,札幌市北区,2016/3/8,106016,3
C-1000259,企業規模中,大宮工業合資会社,東北地方,宮城県,仙台市青葉区,2016/3/9,102214,1
C-1000260,企業規模小,有限会社キング,北海道,北海道,根室市,2016/3/9,101292,1
C-1000261,企業規模小,株式会社マルショウ,関西地方,大阪府,大阪市西淀川区,2016/3/11,105523,2
C-1000267,企業規模大,有限会社エステック,関西地方,大阪府,大阪市港区,2016/3/14,100798,4
C-1000266,企業規模大,合名会社中村商店,関東地方,東京都,台東区,2016/3/14,105689,3
C-1000268,企業規模中,有限会社坂本商店,関東地方,東京都,杉並区,2016/3/15,100002,4
C-1000270,企業規模小,久慈製粉合資会社,関東地方,東京都,港区,2016/3/15,102033,5
C-1000273,企業規模中,有限会社キャロット,関東地方,東京都,新宿区,2016/3/16,100556,1
C-1000274,企業規模小,有限会社スマイル,関西地方,兵庫県,神戸市中央区,2016/3/17,103856,4
C-1000037,企業規模小,合資会社堀木鉄工所,関東地方,東京都,目黒区,2015/3/2,100556,1
C-1000276,企業規模大,株式会社レオ,東北地方,宮城県,塩竈市,2016/3/18,102214,1
C-1000278,企業規模大,合名会社一志電機工業所,関東地方,東京都,目黒区,2016/3/21,102498,3
C-1000229,企業規模中,有限会社美創,関東地方,千葉県,浦安市,2016/1/23,104897,5
C-1000285,企業規模小,株式会社和興,九州,宮崎県,延岡市,2016/3/29,104591,2
C-1000287,企業規模中,有限会社渡辺商事,関東地方,東京都,台東区,2016/3/30,100556,1
C-1000288,企業規模小,株式会社光陽,関東地方,東京都,日野市,2016/4/4,102125,4
C-1000289,その他,株式会社ウエスト,関東地方,東京都,千代田区,2016/4/5,100556,2
C-1000290,企業規模小,株式会社コウエイ,中部地方,愛知県,一宮市,2016/4/7,104444,3
C-1000293,企業規模小,株式会社トータス,北海道,北海道,北見市,2016/4/8,100173,5
C-1000295,企業規模大,有限会社横山商店,関東地方,東京都,渋谷区,2016/4/11,102498,4
C-1000253,企業規模中,株式会社SOL,関西地方,大阪府,堺市美原区,2016/3/3,102434,1
C-1000159,企業規模小,合同会社ゼロサム,関東地方,神奈川県,横浜市鶴見区,2015/9/22,101927,3
C-1000185,その他,株式会社センチュリー,関東地方,埼玉県,川口市,2015/10/30,103203,5
C-1000296,企業規模小,有限会社柴田商店,関東地方,茨城県,鹿嶋市,2016/4/20,102865,3
C-1000065,その他,有限会社藤和,関東地方,埼玉県,さいたま市北区,2015/3/18,103203,5
C-1000301,企業規模中,伊勢水道サービスセンター有限会社,関東地方,東京都,千代田区,2016/4/28,107736,5
C-1000300,企業規模小,合同会社風林火山,関東地方,東京都,町田市,2016/4/28,101325,3
C-1000303,企業規模中,有限会社ウエダ,関東地方,東京都,西東京市,2016/4/30,101325,1
C-1000304,その他,石川タクシー有限会社,関東地方,神奈川県,川崎市川崎区,2016/5/5,100324,3
C-1000306,企業規模中,有限会社大地,関東地方,埼玉県,戸田市,2016/5/9,100650,3
C-1000054,その他,有限会社豊和,中部地方,愛知県,名古屋市中村区,2015/3/9,103462,3
C-1000309,企業規模中,株式会社ウィズ,関西地方,大阪府,交野市,2016/5/24,102434,2
C-1000315,企業規模小,有限会社加藤工務店,関西地方,京都府,長岡京市,2016/5/30,101305,3
C-1000316,企業規模大,昭和工業株式会社,関東地方,東京都,葛飾区,2016/6/2,107051,3
C-1000321,企業規模小,合名会社住澤百貨店,北海道,北海道,札幌市西区,2016/6/17,106016,2
C-1000307,企業規模小,株式会社マルタカ,関東地方,東京都,港区,2016/5/9,100556,1
C-1000323,企業規模小,株式会社ウイング,関東地方,神奈川県,座間市,2016/6/24,100324,4
C-1000128,企業規模小,株式会社リーフ,中部地方,愛知県,名古屋市中村区,2015/8/17,104444,4
C-1000312,企業規模中,合資会社日新映画劇場,東北地方,青森県,八戸市,2016/5/28,100118,5
C-1000020,企業規模小,株式会社TMS,関西地方,大阪府,大阪市住吉区,2015/2/6,106237,5
C-1000328,その他,有限会社サンシャイン,中国地方,広島県,広島市安佐北区,2016/7/22,104482,3
C-1000333,企業規模大,日進印刷合名会社,北海道,北海道,札幌市中央区,2016/8/4,106016,4
C-1000335,その他,株式会社ダイセン,関東地方,千葉県,柏市,2016/8/8,101824,5
C-1000337,企業規模中,株式会社ミツワ,関東地方,東京都,港区,2016/8/10,103937,2
C-1000340,企業規模小,株式会社カインド,関東地方,千葉県,柏市,2016/8/14,107576,2
C-1000343,企業規模小,株式会社K＆K,関東地方,東京都,日野市,2016/8/19,105849,3
C-1000345,企業規模小,株式会社オーブ,関西地方,大阪府,大阪市淀川区,2016/8/22,100798,3
C-1000257,企業規模中,有限会社ライトスタッフ,関東地方,東京都,足立区,2016/3/5,106938,5
C-1000126,企業規模中,有限会社ケント,関東地方,東京都,練馬区,2015/8/7,107115,3
C-1000338,企業規模小,有限会社吉田商事,関東地方,東京都,杉並区,2016/8/10,105689,5
C-1000347,企業規模中,有限会社三栄商事,関東地方,東京都,豊島区,2016/8/29,106938,5
C-1000348,企業規模小,合同会社新フォレスタ,中部地方,岐阜県,各務原市,2016/8/29,102114,5
C-1000314,企業規模大,有限会社木村商会,九州,熊本県,熊本市東区,2016/5/30,103439,5
C-1000349,企業規模大,有限会社フジタ,関東地方,東京都,港区,2016/8/30,107878,3
C-1000305,企業規模小,合資会社丸弥商店,関東地方,東京都,東村山市,2016/5/7,105874,3
C-1000354,企業規模小,株式会社アート,関西地方,兵庫県,神戸市東灘区,2016/9/9,101013,3
C-1000247,企業規模大,有限会社サワダ,関西地方,大阪府,大阪市鶴見区,2016/2/25,105523,3
C-1000355,企業規模小,有限会社サン・コーポレーション,関東地方,東京都,練馬区,2016/9/13,100446,4
C-1000357,企業規模大,株式会社藤和,中部地方,新潟県,燕市,2016/9/16,107395,3
C-1000358,企業規模大,大田郷運送合資会社,中部地方,石川県,金沢市,2016/9/19,102114,4
C-1000361,企業規模大,株式会社インフィニティ,関東地方,東京都,東村山市,2016/9/22,107328,5
C-1000362,企業規模小,株式会社鈴木商店,関東地方,千葉県,習志野市,2016/9/22,107576,3
C-1000103,企業規模小,リメイク合同会社,関東地方,東京都,墨田区,2015/5/14,100446,4
C-1000366,企業規模小,株式会社ヤマダ,関東地方,東京都,東村山市,2016/9/23,100556,1
C-1000364,企業規模小,株式会社リエゾン,関西地方,大阪府,大阪市東住吉区,2016/9/23,105523,4
C-1000363,企業規模小,株式会社TMK,関東地方,東京都,江戸川区,2016/9/23,100446,5
C-1000368,企業規模中,合資会社紀本椎茸及木炭生産会社,関東地方,神奈川県,相模原市緑区,2016/9/27,100568,4
C-1000370,企業規模小,合資会社小島組,関西地方,大阪府,大阪市淀川区,2016/10/4,100352,4
C-1000378,企業規模中,合名会社三共商店,関東地方,千葉県,市川市,2016/10/17,103010,1
C-1000380,企業規模大,株式会社JAM,関東地方,東京都,世田谷区,2016/10/20,107878,4
C-1000255,企業規模小,合名会社叶屋本店,関東地方,東京都,荒川区,2016/3/4,103675,2
C-1000382,企業規模大,有限会社フジ,関東地方,東京都,渋谷区,2016/10/24,103152,4
C-1000381,企業規模中,有限会社鈴木興業,関東地方,埼玉県,川口市,2016/10/24,103203,5
C-1000388,企業規模中,豊合名会社,中部地方,愛知県,小牧市,2016/10/28,104444,3
C-1000391,企業規模中,楠砂利有限会社,関東地方,千葉県,船橋市,2016/10/31,103010,3
C-1000077,企業規模中,古田合名会社,北海道,北海道,札幌市厚別区,2015/4/11,100173,4
C-1000395,企業規模小,有限会社アポロ,中部地方,愛知県,半田市,2016/11/7,102065,5
C-1000397,企業規模小,有限会社中村商店,関東地方,東京都,練馬区,2016/11/11,103675,3
C-1000398,企業規模小,株式会社アックス,九州,鹿児島県,鹿児島市,2016/11/14,104591,1
C-1000405,企業規模大,株式会社サンワード,関東地方,東京都,町田市,2016/11/25,102125,3
C-1000227,企業規模小,有限会社コーシン,関東地方,東京都,小金井市,2016/1/20,102125,4
C-1000408,企業規模大,株式会社小林建設,関東地方,東京都,港区,2016/11/30,107878,3
C-1000409,企業規模小,有限会社あさひ,関東地方,東京都,江戸川区,2016/12/1,107855,2
C-1000410,企業規模中,株式会社渡辺,九州,福岡県,福岡市中央区,2016/12/5,102197,2
C-1000411,企業規模大,有限会社近藤商店,中部地方,愛知県,名古屋市北区,2016/12/5,104444,3
C-1000413,企業規模大,株式会社マルミ,中部地方,長野県,飯田市,2016/12/8,100376,1
C-1000231,企業規模小,桜井運送有限会社,関東地方,東京都,台東区,2016/2/1,104054,5
C-1000350,その他,株式会社アヴァンティ,関東地方,東京都,立川市,2016/9/1,100002,4
C-1000291,企業規模小,株式会社トライ,北海道,北海道,札幌市西区,2016/4/8,101542,1
C-1000187,企業規模中,合同会社ｓｔｙｌｅｓ,関東地方,東京都,台東区,2015/10/31,105849,3
C-1000192,企業規模中,有限会社プライム,関東地方,東京都,港区,2015/11/7,100556,2
C-1000244,企業規模中,株式会社アイコン,九州,熊本県,熊本市西区,2016/2/19,104591,1
C-1000415,その他,有限会社佐藤興業,関東地方,東京都,文京区,2016/12/22,100556,1
C-1000115,企業規模小,有限会社フジ企画,北海道,北海道,札幌市北区,2015/7/6,101542,2
C-1000419,その他,株式会社TKG,北海道,北海道,北広島市,2016/12/28,100095,4
C-1000420,企業規模小,坂井設計有限会社,九州,熊本県,熊本市中央区,2017/1/4,104591,4
C-1000421,企業規模小,ＳＥＮＯＲＡ,関東地方,東京都,江戸川区,2017/1/5,103152,3
C-1000422,企業規模大,伊勢リース有限会社,関東地方,東京都,足立区,2017/1/6,105618,5
C-1000426,企業規模大,株式会社丸幸,中部地方,愛知県,愛知郡東郷町,2017/1/24,104444,2
C-1000427,企業規模小,有限会社リープ,関東地方,東京都,渋谷区,2017/1/26,102125,4
C-1000373,企業規模小,株式会社サンズ,関東地方,神奈川県,大和市,2016/10/9,106122,1
C-1000428,企業規模小,池田建設株式会社,関西地方,大阪府,大阪市北区,2017/1/27,105083,2
C-1000430,企業規模小,株式会社オーキッド,関東地方,東京都,港区,2017/1/29,107051,1
C-1000431,企業規模中,株式会社アトラス,関西地方,大阪府,摂津市,2017/1/30,106237,4
C-1000308,企業規模中,合資会社榮竹亭,関東地方,神奈川県,綾瀬市,2016/5/23,103882,4
C-1000434,企業規模中,合同会社Ｆｏｌｌｏｗｉｎｇ,中部地方,愛知県,名古屋市南区,2017/1/31,103462,4
C-1000435,企業規模小,合資会社小野工務店,関東地方,東京都,北区,2017/2/2,107328,5
C-1000438,企業規模中,株式会社ヤマモト,東北地方,宮城県,仙台市青葉区,2017/2/4,102214,3
C-1000440,企業規模小,有限会社ナカヤ,四国,香川県,高松市,2017/2/6,100726,3
C-1000441,企業規模中,合同会社さくら,関東地方,東京都,渋谷区,2017/2/9,105849,4
C-1000445,企業規模小,日新産業株式会社,関東地方,神奈川県,相模原市中央区,2017/2/15,105743,5
C-1000071,その他,山本産業株式会社,関東地方,千葉県,千葉市中央区,2015/3/31,103010,1
C-1000447,企業規模中,株式会社中村製作所,関東地方,東京都,新宿区,2017/2/17,103675,1
C-1000336,その他,株式会社K2,関西地方,大阪府,大阪市大正区,2016/8/8,106237,5
C-1000449,企業規模小,常陸物産合名会社,九州,鹿児島県,鹿児島市,2017/2/21,103439,3
C-1000221,企業規模中,株式会社イトウ,関西地方,兵庫県,神戸市中央区,2015/12/28,101812,4
C-1000457,企業規模小,合名会社南陽自動車,関西地方,大阪府,東大阪市,2017/2/28,105083,1
C-1000458,企業規模大,有限会社小川商事,中部地方,愛知県,名古屋市中村区,2017/3/1,103462,2
C-1000459,企業規模小,さくら土地開発合同会社,関東地方,東京都,新宿区,2017/3/2,100556,1
C-1000461,企業規模小,有限会社グッドライフ,関東地方,東京都,豊島区,2017/3/7,100556,1
C-1000462,企業規模大,合同会社茨友,中部地方,静岡県,藤枝市,2017/3/8,102114,3
C-1000158,企業規模小,有限会社島田商店,九州,福岡県,福岡市早良区,2015/9/19,105580,1
C-1000466,その他,有限会社鈴木産業,九州,福岡県,福岡市博多区,2017/3/10,101056,5
C-1000464,企業規模小,株式会社MAX,関東地方,神奈川県,海老名市,2017/3/10,105743,4
C-1000468,企業規模中,株式会社瑞穂,中部地方,愛知県,名古屋市中川区,2017/3/14,102890,2
C-1000068,企業規模中,株式会社ワンステップ,関東地方,東京都,品川区,2015/3/23,107878,5
C-1000470,企業規模中,株式会社大松,中部地方,愛知県,名古屋市西区,2017/3/15,102890,1
C-1000469,企業規模小,合名会社八幡屋商店,中部地方,愛知県,名古屋市緑区,2017/3/15,103462,2
C-1000463,企業規模中,有限会社加藤製作所,関西地方,大阪府,松原市,2017/3/9,106237,5
C-1000472,企業規模大,株式会社伸和,九州,福岡県,太宰府市,2017/3/21,102197,2
C-1000474,その他,株式会社STK,関東地方,東京都,葛飾区,2017/3/21,100556,2
C-1000473,企業規模小,有限会社華,関東地方,東京都,町田市,2017/3/21,105618,5
C-1000476,企業規模中,株式会社みなみ,中部地方,福井県,福井市,2017/3/23,107395,2
C-1000396,企業規模小,株式会社佐々木商店,関東地方,千葉県,市川市,2016/11/9,103010,3
C-1000477,企業規模小,有限会社ハーベスト,関西地方,大阪府,大阪市中央区,2017/3/28,105083,1
C-1000204,企業規模中,有限会社小山商店,関東地方,茨城県,つくばみらい市,2015/11/28,102865,2
C-1000479,企業規模小,株式会社ユニバース,中国地方,岡山県,岡山市南区,2017/3/30,101428,4
C-1000208,企業規模中,大東建設株式会社,関東地方,東京都,大田区,2015/12/4,103675,2
C-1000481,企業規模大,株式会社オリーブ,関東地方,東京都,世田谷区,2017/3/31,102125,5
C-1000480,企業規模小,合同会社ＫＡＮＤＡＴＳＵオートジャパン,関西地方,大阪府,大阪市中央区,2017/3/31,100798,3
C-1000206,企業規模大,株式会社あおば,関東地方,東京都,品川区,2015/12/3,105689,5
C-1000484,企業規模大,株式会社石原,中国地方,広島県,広島市安佐北区,2017/4/5,104482,5
C-1000485,企業規模大,株式会社ナカニシ,関西地方,大阪府,大阪市城東区,2017/4/6,100798,2
C-1000359,企業規模小,合資会社北島興業社,中部地方,岐阜県,多治見市,2016/9/19,107395,3
C-1000489,企業規模小,株式会社伊藤商店,関東地方,神奈川県,川崎市川崎区,2017/4/10,103882,5
C-1000488,企業規模中,合同会社Ｒ．Ｐ．Ｉｎｔｅｒｎａｔｉｏｎａｌ,関西地方,兵庫県,宝塚市,2017/4/10,101013,1
C-1000491,企業規模中,有限会社ミック,九州,宮崎県,延岡市,2017/4/14,104591,3
C-1000493,企業規模中,東洋商事株式会社,中部地方,山梨県,甲府市,2017/4/17,102114,5
C-1000277,企業規模大,有限会社陽光,関東地方,東京都,文京区,2016/3/21,102125,4
C-1000496,企業規模中,株式会社マエダ,関東地方,神奈川県,大和市,2017/4/22,101206,2
C-1000497,企業規模小,有限会社トキワ,中国地方,広島県,安芸郡熊野町,2017/4/24,101715,5
C-1000499,企業規模小,株式会社ライラック,九州,鹿児島県,鹿児島市,2017/5/3,101512,5
C-1000500,企業規模小,合名会社秋葉商店,中部地方,長野県,松本市,2017/5/5,100376,2
C-1000501,企業規模大,株式会社キクチ,関東地方,東京都,台東区,2017/5/8,101782,3
C-1000502,企業規模小,株式会社SKC,九州,福岡県,北九州市小倉北区,2017/5/9,103358,5
C-1000503,その他,株式会社ミウラ,北海道,北海道,札幌市厚別区,2017/5/12,100095,4
C-1000504,企業規模中,有限会社たちばな,関東地方,東京都,港区,2017/5/13,101128,5
C-1000467,企業規模大,有限会社村田商店,関東地方,東京都,北区,2017/3/13,103152,4
C-1000505,企業規模中,株式会社エンジェル,中部地方,愛知県,愛知郡東郷町,2017/5/15,102890,1
C-1000506,企業規模大,株式会社HARU,中部地方,静岡県,浜松市中区,2017/5/16,102114,5
C-1000507,企業規模小,合名会社三寶農村加工場,中国地方,岡山県,岡山市中区,2017/5/23,100643,5
C-1000508,企業規模小,株式会社フューチャー,関東地方,東京都,墨田区,2017/5/23,101128,5
C-1000509,企業規模小,株式会社KSK,関東地方,東京都,新宿区,2017/5/26,100556,1
C-1000392,企業規模中,有限会社山田工業,関西地方,大阪府,大阪市住之江区,2016/11/2,100798,2
C-1000510,企業規模中,三重石炭合資会社,関東地方,千葉県,流山市,2017/6/7,107576,1
C-1000511,企業規模中,合名会社御薗屋商店,中国地方,山口県,岩国市,2017/6/9,101428,2
C-1000514,企業規模大,株式会社フルハウス,北海道,北海道,札幌市西区,2017/6/14,106016,3
C-1000515,企業規模大,株式会社アネスト,九州,福岡県,福岡市東区,2017/6/14,102197,4
C-1000517,企業規模小,株式会社ベストパートナー,関東地方,千葉県,木更津市,2017/6/20,101824,3
C-1000140,企業規模小,大栄工業株式会社,関東地方,東京都,足立区,2015/8/27,101128,4
C-1000177,企業規模小,有限会社イワサキ,関東地方,東京都,文京区,2015/10/23,102125,4
C-1000424,企業規模小,株式会社加藤商店,関東地方,東京都,港区,2017/1/16,107878,3
C-1000519,企業規模小,株式会社トラスティ,関東地方,東京都,葛飾区,2017/7/2,103675,4
C-1000520,企業規模中,有限会社オザワ,北海道,北海道,帯広市,2017/7/5,106016,2
C-1000522,企業規模小,有限会社ミウラ,関東地方,神奈川県,横浜市港南区,2017/7/7,101206,1
C-1000194,企業規模大,株式会社マークス,関東地方,千葉県,市川市,2015/11/9,107576,4
C-1000318,企業規模中,株式会社SAKURA,関東地方,千葉県,佐倉市,2016/6/7,101824,5
C-1000524,企業規模大,有限会社ウィング,中部地方,愛知県,西尾市,2017/7/14,103462,3
C-1000523,企業規模大,有限会社テイクワン,関東地方,東京都,渋谷区,2017/7/14,101782,4
C-1000310,企業規模中,有限会社大新,関西地方,大阪府,豊中市,2016/5/27,106237,4
C-1000182,企業規模小,株式会社クルーズ,関西地方,京都府,京都市東山区,2015/10/27,101809,4
C-1000527,その他,有限会社プロス,関西地方,大阪府,大阪市城東区,2017/8/7,100798,5
C-1000529,企業規模小,合同会社サルラボラトリーズ,関東地方,東京都,世田谷区,2017/8/14,103937,4
C-1000530,企業規模小,有限会社新生,関東地方,東京都,国分寺市,2017/8/15,100556,1
C-1000069,企業規模小,有限会社エムズコーポレーション,北海道,北海道,滝川市,2015/3/27,103469,1
C-1000132,企業規模中,株式会社マルセイ,関東地方,東京都,台東区,2015/8/18,102125,5
C-1000532,企業規模大,合名会社横山製綿所,九州,福岡県,福岡市南区,2017/8/28,101056,5
C-1000533,企業規模小,株式会社SKY,中部地方,愛知県,名古屋市中区,2017/8/29,103462,3
C-1000319,企業規模中,有限会社中村屋,関東地方,東京都,文京区,2016/6/15,105874,4
C-1000535,企業規模小,株式会社匠,関東地方,神奈川県,横須賀市,2017/9/7,102718,5
C-1000536,企業規模小,有限会社石川工務店,関西地方,兵庫県,神戸市中央区,2017/9/8,101013,2
C-1000144,企業規模小,合資会社松橋商店,関東地方,神奈川県,横浜市中区,2015/9/9,105743,4
C-1000537,企業規模小,合同会社野村事務所,関東地方,東京都,足立区,2017/9/9,102498,5
C-1000539,企業規模小,有限会社中村工務店,中部地方,長野県,諏訪市,2017/9/13,100376,2
C-1000145,企業規模小,牧山鉄建合資会社,関東地方,東京都,世田谷区,2015/9/9,100556,2
C-1000542,企業規模小,株式会社アドヴァンス,関東地方,埼玉県,さいたま市大宮区,2017/9/22,101554,1
C-1000401,企業規模小,株式会社ヤマザキ,関東地方,東京都,品川区,2016/11/19,100556,1
C-1000439,企業規模小,有限会社岡田商店,九州,熊本県,熊本市西区,2017/2/6,104591,4
C-1000545,その他,株式会社サクライ,関東地方,千葉県,白井市,2017/9/29,103010,1
C-1000546,企業規模中,株式会社西村,関東地方,神奈川県,川崎市麻生区,2017/9/30,106122,1
C-1000547,企業規模小,三重木材合資会社,関西地方,兵庫県,西宮市,2017/10/1,101013,2
C-1000548,企業規模中,関西木工合資会社,関東地方,東京都,北区,2017/10/2,106938,5
C-1000552,企業規模中,合名会社田中余以徳斉薬局,関東地方,東京都,目黒区,2017/10/3,107878,4
C-1000553,企業規模中,株式会社エージェント,関東地方,東京都,練馬区,2017/10/4,107115,4
C-1000555,その他,浅沼開発合同会社,北海道,北海道,札幌市北区,2017/10/4,106016,4
C-1000554,その他,合同会社ＳａｎＳｔｒａｉｇｈｔ,関東地方,東京都,墨田区,2017/10/4,107328,5
C-1000558,企業規模中,有限会社山田工務店,九州,鹿児島県,鹿児島市,2017/10/5,103439,5
C-1000562,企業規模小,株式会社MSC,関東地方,東京都,練馬区,2017/10/5,107051,2
C-1000563,企業規模小,株式会社リアル,関東地方,神奈川県,横浜市港北区,2017/10/6,103882,5
C-1000569,企業規模大,合名会社豊島瓦工業所,四国,愛媛県,今治市,2017/10/10,100726,2
C-1000564,企業規模中,株式会社アクト,中国地方,広島県,東広島市,2017/10/10,104482,2
C-1000329,企業規模小,有限会社ホープ,関東地方,東京都,杉並区,2016/8/2,100446,5
C-1000572,企業規模大,合名会社平木製菓,九州,沖縄県,糸満市,2017/10/12,103439,5
C-1000575,企業規模中,合同会社ＳＭＫ,関東地方,東京都,豊島区,2017/10/14,100002,3
C-1000123,企業規模中,株式会社アリス,関東地方,茨城県,神栖市,2015/7/28,102865,5
C-1000578,企業規模小,アイリスコンタクト合同会社,関東地方,東京都,墨田区,2017/10/18,102125,3
C-1000579,企業規模中,株式会社ビクトリー,北海道,北海道,札幌市西区,2017/10/22,101542,1
C-1000581,企業規模中,たかし不動産有限会社,関西地方,大阪府,大阪市中央区,2017/10/22,102434,2
C-1000582,企業規模小,有限会社新井商店,関東地方,神奈川県,横浜市中区,2017/10/23,101206,3
C-1000299,企業規模中,合資会社福島商店,九州,福岡県,北九州市八幡西区,2016/4/23,105580,2
C-1000199,企業規模大,株式会社ヒロ・コーポレーション,関東地方,茨城県,日立市,2015/11/20,102865,3
C-1000584,企業規模中,伊山テール油合名会社,関東地方,東京都,世田谷区,2017/10/27,107115,4
C-1000585,企業規模小,株式会社昴,関東地方,東京都,大田区,2017/10/30,103937,2
C-1000586,企業規模中,筑波合資会社,関東地方,東京都,渋谷区,2017/11/4,103152,4
C-1000214,企業規模小,合同会社福祉のひなた,関東地方,神奈川県,横浜市南区,2015/12/18,106122,1
C-1000061,企業規模中,株式会社ASK,関東地方,東京都,千代田区,2015/3/14,100002,3
C-1000399,企業規模中,有限会社アライブ,関西地方,大阪府,豊中市,2016/11/15,100798,5
C-1000191,企業規模中,株式会社鈴木工務店,北海道,北海道,札幌市東区,2015/11/4,100173,3
C-1000590,企業規模中,株式会社アサノ,北海道,北海道,札幌市厚別区,2017/11/17,101292,2
C-1000591,企業規模小,阿見リース有限会社,関東地方,東京都,品川区,2017/11/18,105874,3
C-1000592,企業規模中,三和株式会社,関東地方,東京都,港区,2017/11/18,103937,2
C-1000597,企業規模小,有限会社エイム,北海道,北海道,札幌市中央区,2017/11/25,101542,1
C-1000176,企業規模小,株式会社アイホーム,関西地方,大阪府,箕面市,2015/10/16,100352,3
C-1000599,企業規模中,吉田産業有限会社,北海道,北海道,札幌市中央区,2017/12/1,100173,4
C-1000282,企業規模小,株式会社共立,中部地方,岐阜県,岐阜市,2016/3/28,100376,2
C-1000400,企業規模小,株式会社エヌテック,東北地方,岩手県,盛岡市,2016/11/17,102443,2
C-1000601,その他,有限会社ステラ,関東地方,千葉県,佐倉市,2017/12/7,107576,3
C-1000325,企業規模中,合名会社安藤肉店,関東地方,東京都,港区,2016/7/5,107115,5
C-1000197,企業規模小,有限会社リバース,関西地方,兵庫県,神戸市灘区,2015/11/20,101013,1
C-1000243,企業規模中,合同会社風のたより,関東地方,東京都,世田谷区,2016/2/13,100446,4
C-1000425,企業規模小,有限会社たかはし,関西地方,大阪府,大阪市中央区,2017/1/21,101242,4
C-1000603,企業規模中,株式会社クレオ,関東地方,千葉県,市川市,2017/12/21,103010,2
C-1000604,企業規模小,榮光産業合資会社,関東地方,神奈川県,横浜市中区,2017/12/25,105743,5
C-1000607,企業規模小,鶏津合資会社,関西地方,兵庫県,神戸市中央区,2017/12/27,103856,5
C-1000608,企業規模大,株式会社日昇,関西地方,大阪府,茨木市,2017/12/27,100352,1
C-1000609,企業規模大,合名会社丸萬商店,九州,福岡県,北九州市八幡西区,2017/12/29,101056,4
C-1000610,企業規模小,株式会社アレックス,九州,熊本県,熊本市中央区,2017/12/30,103439,2
C-1000611,企業規模小,有限会社松本製作所,関東地方,東京都,渋谷区,2018/1/1,100556,1
C-1000538,その他,株式会社メディカルサポート,九州,福岡県,北九州市八幡西区,2017/9/12,101056,5
C-1000618,企業規模小,株式会社イズミ,中部地方,愛知県,一宮市,2018/1/10,102890,1
C-1000619,企業規模小,株式会社ライン,九州,熊本県,熊本市北区,2018/1/10,103439,5
C-1000621,企業規模中,株式会社HOPE,関東地方,東京都,杉並区,2018/1/18,100556,1
C-1000423,企業規模中,合名会社矢の五薬局,関西地方,兵庫県,西宮市,2017/1/6,101013,1
C-1000148,企業規模小,株式会社TSC,九州,福岡県,福岡市南区,2015/9/14,105580,1
C-1000624,企業規模小,合同会社山林舎,北海道,北海道,苫小牧市,2018/1/26,106016,4
C-1000525,企業規模小,環設計企画有限会社,関西地方,大阪府,豊中市,2017/7/18,106237,4
C-1000626,企業規模中,株式会社服部,関東地方,埼玉県,さいたま市緑区,2018/2/3,101554,1
C-1000627,その他,株式会社GREEN,関東地方,東京都,渋谷区,2018/2/6,105874,2
C-1000625,企業規模大,名張敷物合名会社,関東地方,東京都,港区,2018/2/2,101128,4
C-1000567,企業規模大,株式会社TAKUMI,九州,福岡県,北九州市小倉北区,2017/10/10,101056,4
C-1000018,企業規模小,有限会社トリニティ,関東地方,千葉県,松戸市,2015/2/5,104897,4
C-1000629,企業規模中,株式会社ミズノ,関東地方,埼玉県,さいたま市南区,2018/2/10,101554,4
C-1000630,企業規模小,株式会社ハート,東北地方,宮城県,仙台市青葉区,2018/2/12,103762,2
C-1000540,企業規模小,株式会社シーテック,関東地方,東京都,昭島市,2017/9/16,100556,1
C-1000602,企業規模小,合資会社トーホー,関東地方,神奈川県,海老名市,2017/12/15,100324,4
C-1000633,企業規模小,合資会社茨城砥石,関東地方,東京都,港区,2018/2/16,100446,5
C-1000634,企業規模中,Ｏｆｆｉｃｅ,中部地方,新潟県,柏崎市,2018/2/20,102468,4
C-1000636,企業規模大,有限会社山口工務店,関東地方,東京都,渋谷区,2018/2/21,101971,3
C-1000638,企業規模小,株式会社椿,中国地方,山口県,下関市,2018/2/22,101428,1
C-1000637,企業規模小,合資会社南紀自動車整備工場,中部地方,愛知県,名古屋市中区,2018/2/22,104444,5
C-1000640,企業規模小,有限会社タカギ,関東地方,東京都,多摩市,2018/2/24,100556,1
C-1000202,その他,合資会社高士製瓦所,関東地方,東京都,中央区,2015/11/27,103937,3
C-1000577,企業規模大,有限会社共栄商事,関東地方,東京都,世田谷区,2017/10/16,100446,4
C-1000614,企業規模中,有限会社ケイズ,関東地方,東京都,渋谷区,2018/1/3,100556,2
C-1000351,企業規模中,株式会社クロノス,北海道,北海道,札幌市北区,2016/9/2,101292,4
C-1000646,企業規模小,有限会社メイク,関東地方,埼玉県,入間市,2018/3/5,101554,1
C-1000649,企業規模小,株式会社佐々木工業,関東地方,東京都,千代田区,2018/3/9,101128,5
C-1000322,企業規模小,合同会社ソルエユニーク,関東地方,東京都,目黒区,2016/6/22,101782,4
C-1000653,企業規模小,合名会社川村忠三商店,関東地方,東京都,中野区,2018/3/16,103355,5
C-1000654,企業規模中,株式会社カイト,関東地方,東京都,台東区,2018/3/19,100556,1
C-1000332,企業規模中,有限会社アイシン,関東地方,神奈川県,川崎市幸区,2016/8/3,106122,2
C-1000657,企業規模中,有限会社たんぽぽ,関東地方,神奈川県,横浜市中区,2018/3/23,106122,3
C-1000573,企業規模中,有限会社みらい,関東地方,東京都,渋谷区,2017/10/13,101971,3
C-1000660,企業規模小,有限会社フォーシーズン,関東地方,東京都,江東区,2018/3/30,101325,2
C-1000659,企業規模大,有限会社タイセイ,関東地方,東京都,中央区,2018/3/30,101971,3
C-1000664,企業規模中,有限会社サカイ,北海道,北海道,札幌市中央区,2018/4/2,100173,4
C-1000663,企業規模中,株式会社大輝,関東地方,千葉県,浦安市,2018/4/2,101824,5
C-1000669,その他,有限会社中央商事,関西地方,大阪府,藤井寺市,2018/4/3,105083,2
C-1000668,企業規模小,有限会社西村商店,関東地方,栃木県,足利市,2018/4/3,102865,3
C-1000670,企業規模大,合資会社システムネット,関東地方,神奈川県,藤沢市,2018/4/5,101206,4
C-1000671,企業規模大,合同会社Ｇｒａｎｄ,北海道,北海道,札幌市北区,2018/4/5,103469,1
C-1000418,企業規模小,合資会社ＩＴＴネット,関西地方,大阪府,大阪市北区,2016/12/27,100798,4
C-1000674,企業規模小,ＲＡＺＫＡ,関東地方,神奈川県,横浜市神奈川区,2018/4/7,100324,4
C-1000677,企業規模小,株式会社オリオン,関東地方,東京都,杉並区,2018/4/10,100446,3
C-1000642,企業規模小,ネクサス合同会社,関東地方,東京都,江戸川区,2018/3/2,101325,3
C-1000414,企業規模小,合同会社井阪稔商店,関東地方,東京都,中央区,2016/12/21,101128,4
C-1000513,企業規模中,喜太屋合名会社,九州,福岡県,福岡市南区,2017/6/10,103358,5
C-1000682,企業規模中,有限会社テクノ,関東地方,神奈川県,川崎市麻生区,2018/4/19,101927,5
C-1000451,企業規模小,株式会社AOI,関東地方,東京都,港区,2017/2/22,106938,5
C-1000684,企業規模大,株式会社ルミナス,関西地方,大阪府,大阪市中央区,2018/4/20,106237,4
C-1000588,企業規模小,合資会社三輪工場,中国地方,山口県,岩国市,2017/11/6,101428,3
C-1000686,企業規模中,有限会社田中建設,関東地方,東京都,新宿区,2018/4/24,107855,1
C-1000356,企業規模中,有限会社光和,関東地方,東京都,江東区,2016/9/15,105689,5
C-1000687,企業規模小,合資会社山二製絲所,中国地方,岡山県,岡山市南区,2018/4/27,101428,2
C-1000688,企業規模大,株式会社トリニティ,中部地方,福井県,福井市,2018/4/30,102468,5
C-1000641,企業規模中,合名会社中村木工所,関東地方,東京都,目黒区,2018/2/27,105874,3
C-1000433,その他,株式会社フジテック,関東地方,東京都,江戸川区,2017/1/30,107115,5
C-1000486,企業規模大,合名会社関谷商店,関東地方,千葉県,千葉市中央区,2017/4/7,107576,4
C-1000531,企業規模大,有限会社ナカヤマ,関西地方,大阪府,大阪市平野区,2017/8/21,105523,4
C-1000412,企業規模小,大和株式会社,九州,宮崎県,延岡市,2016/12/8,103439,2
C-1000692,企業規模中,株式会社サトウ,関西地方,大阪府,大阪市生野区,2018/5/17,105083,1
C-1000455,企業規模大,笠間運送合名会社,関西地方,大阪府,大東市,2017/2/25,102434,2
C-1000559,企業規模中,株式会社アライ,関東地方,東京都,立川市,2017/10/5,103152,3
C-1000694,企業規模中,有限会社アイリス,東北地方,宮城県,仙台市青葉区,2018/5/21,102214,4
C-1000444,企業規模大,釡森合名会社,四国,愛媛県,松山市,2017/2/14,100726,4
C-1000576,企業規模中,三和産業株式会社,関西地方,兵庫県,神戸市中央区,2017/10/16,101013,3
C-1000697,企業規模小,株式会社たちばな,関東地方,東京都,板橋区,2018/5/28,100002,3
C-1000342,企業規模中,有限会社エイト,関東地方,東京都,足立区,2016/8/18,107878,4
C-1000698,企業規模大,合名会社大東製材所,関西地方,大阪府,守口市,2018/6/2,102241,5
C-1000570,企業規模中,共栄産業株式会社,四国,愛媛県,松山市,2017/10/12,100726,1
C-1000699,企業規模大,株式会社カワシマ,関東地方,神奈川県,横浜市港北区,2018/6/12,103882,3
C-1000631,企業規模大,野呂合名会社,関西地方,大阪府,東大阪市,2018/2/12,100352,3
C-1000024,企業規模中,有限会社ナカタ,北海道,北海道,帯広市,2015/2/11,101292,2
C-1000695,企業規模小,株式会社サンアイ,関西地方,大阪府,大阪市西区,2018/5/23,105523,3
C-1000701,企業規模中,合名会社竹内商店,中部地方,静岡県,静岡市葵区,2018/6/19,100376,3
C-1000700,企業規模小,有限会社ハヤシ,関東地方,東京都,新宿区,2018/6/19,105618,4
C-1000704,企業規模大,有限会社コーケン,関東地方,神奈川県,川崎市高津区,2018/6/26,105743,3
C-1000655,企業規模小,株式会社ITS,中部地方,愛知県,名古屋市中村区,2018/3/21,102065,5
C-1000706,企業規模中,合名会社日渡,関東地方,東京都,足立区,2018/7/3,100556,1
C-1000707,企業規模中,株式会社ファイブ,関西地方,大阪府,大阪市中央区,2018/7/6,102434,3
C-1000483,企業規模中,株式会社OZ,北海道,北海道,小樽市,2017/4/5,106016,3
C-1000360,企業規模中,株式会社エスポワール,中国地方,広島県,福山市,2016/9/20,104482,2
C-1000709,企業規模大,合資会社ぱそ屋,中部地方,静岡県,静岡市葵区,2018/7/17,100376,3
C-1000710,企業規模小,有限会社大和商事,関東地方,東京都,世田谷区,2018/7/18,100556,2
C-1000073,企業規模小,合資会社山丸商店,関西地方,大阪府,大阪市中央区,2015/4/3,102241,4
C-1000352,企業規模中,マル忠岩名合名会社,関東地方,埼玉県,深谷市,2016/9/5,101554,1
C-1000230,企業規模小,株式会社アイル,九州,佐賀県,佐賀市,2016/1/28,101512,5
C-1000712,企業規模小,株式会社ウィード,九州,宮崎県,延岡市,2018/7/27,104591,1
C-1000498,企業規模小,合同会社ダイニ,関東地方,埼玉県,幸手市,2017/4/24,101554,3
C-1000367,企業規模中,馬上合名会社,関東地方,千葉県,船橋市,2016/9/26,107576,3
C-1000716,企業規模小,合資会社ワイ・エムサービス,中部地方,愛知県,名古屋市千種区,2018/8/8,102065,5
C-1000372,企業規模中,有限会社サザンクロス,関東地方,東京都,江戸川区,2016/10/7,101782,2
C-1000717,企業規模小,有限会社シャイン,中部地方,愛知県,名古屋市中区,2018/8/13,102065,4
C-1000526,企業規模小,合資会社雲出製菓舗,関東地方,東京都,練馬区,2017/7/24,100002,3
C-1000680,企業規模大,株式会社大商,関東地方,東京都,三鷹市,2018/4/18,106938,5
C-1000648,企業規模中,合資会社上田建材店,四国,高知県,高知市,2018/3/8,100726,1
C-1000719,その他,合資会社吸殻処理愛煙家協会,関東地方,東京都,練馬区,2018/8/23,101517,4
C-1000721,企業規模大,株式会社アイム,関東地方,東京都,中央区,2018/8/24,103152,2
C-1000726,企業規模中,株式会社TRUST,関東地方,東京都,墨田区,2018/8/25,100446,3
C-1000724,企業規模小,株式会社アロー,関東地方,東京都,世田谷区,2018/8/25,103675,2
C-1000723,その他,合同会社良美園,関東地方,東京都,大田区,2018/8/25,101971,3
C-1000722,企業規模小,株式会社ARK,関東地方,東京都,港区,2018/8/25,100556,2
C-1000727,企業規模小,株式会社ハーモニー,関西地方,大阪府,大阪市中央区,2018/8/28,105083,1
C-1000728,企業規模中,有限会社橋本工業,関西地方,兵庫県,神戸市中央区,2018/8/29,101013,1
C-1000730,企業規模大,合名会社橘川製綿所,関東地方,神奈川県,藤沢市,2018/8/30,101927,3
C-1000656,企業規模大,有限会社ジャスティス,関東地方,東京都,文京区,2018/3/23,107115,3
C-1000731,その他,西川商事合名会社,関東地方,東京都,渋谷区,2018/9/3,100556,1
C-1000736,その他,株式会社マルニ,関東地方,東京都,中野区,2018/9/10,105618,4
C-1000735,企業規模中,株式会社コスモス,関東地方,東京都,葛飾区,2018/9/10,100556,2
C-1000737,企業規模大,合同会社牛久太陽光発電,関東地方,東京都,渋谷区,2018/9/11,101971,3
C-1000738,企業規模小,株式会社小林,中部地方,岐阜県,岐阜市,2018/9/12,107395,2
C-1000386,企業規模小,ＳＡＨＩＬ,関東地方,東京都,港区,2016/10/26,107855,1
C-1000211,企業規模中,株式会社ライズコーポレーション,関東地方,東京都,港区,2015/12/9,105874,3
C-1000741,企業規模小,有限会社オカダ,九州,大分県,大分市,2018/9/20,104591,2
C-1000141,企業規模小,合名会社森喜酒造場,中部地方,愛知県,名古屋市名東区,2015/9/4,102890,1
C-1000742,企業規模小,株式会社丸和,中部地方,愛知県,名古屋市西区,2018/9/21,102890,1
C-1000743,企業規模大,株式会社ピュア,関東地方,東京都,多摩市,2018/9/21,103937,2
C-1000746,企業規模小,合名会社小泉精米所,関東地方,東京都,中野区,2018/9/25,103152,2
C-1000744,企業規模小,共栄建設株式会社,関東地方,東京都,品川区,2018/9/25,103675,2
C-1000749,企業規模中,有限会社石川工業,関東地方,東京都,世田谷区,2018/10/3,107878,3
C-1000750,企業規模大,株式会社中村屋,関東地方,埼玉県,三郷市,2018/10/5,100650,3
C-1000752,企業規模小,有限会社マルタ,関東地方,埼玉県,草加市,2018/10/9,101554,2
C-1000753,企業規模大,有限会社エバーグリーン,中部地方,岐阜県,本巣郡北方町,2018/10/11,107395,4
C-1000371,企業規模中,エスエイオリジナル有限会社,中国地方,広島県,広島市中区,2016/10/6,104482,3
C-1000256,企業規模小,株式会社ファミーユ,関東地方,東京都,世田谷区,2016/3/4,100556,1
C-1000632,その他,有限会社マキ,九州,福岡県,福岡市西区,2018/2/16,105580,3
C-1000756,企業規模小,有限会社ブレインズ,東北地方,宮城県,仙台市宮城野区,2018/10/15,103762,4
C-1000757,企業規模中,有限会社サンク,関東地方,神奈川県,横浜市都筑区,2018/10/16,101206,3
C-1000107,企業規模小,第一建設株式会社,関東地方,東京都,墨田区,2015/6/5,107051,1
C-1000763,企業規模中,合資会社額賀産業社,関東地方,東京都,台東区,2018/10/18,100556,2
C-1000119,企業規模小,有限会社アクシス,中国地方,山口県,岩国市,2015/7/20,101428,3
C-1000534,企業規模大,株式会社樹,関東地方,神奈川県,川崎市高津区,2017/9/4,105743,3
C-1000765,企業規模中,株式会社エンゼル,関東地方,東京都,練馬区,2018/10/25,107051,2
C-1000057,企業規模中,合同会社岡野総合建設,関東地方,神奈川県,川崎市川崎区,2015/3/12,106122,2
C-1000767,企業規模小,マーケットプラン合同会社,関西地方,和歌山県,和歌山市,2018/10/26,101809,4
C-1000771,企業規模中,株式会社マルイチ,関東地方,千葉県,市川市,2018/11/1,103010,1
C-1000772,企業規模小,株式会社三陽,関東地方,東京都,葛飾区,2018/11/2,103675,4
C-1000774,企業規模小,有限会社橋本商店,関東地方,東京都,葛飾区,2018/11/8,101782,3
C-1000589,企業規模小,合資会社永幸産業,関東地方,東京都,新宿区,2017/11/13,107115,5
C-1000647,その他,前勝工業有限会社,関西地方,大阪府,大阪市中央区,2018/3/5,102241,5
C-1000775,企業規模小,株式会社TAC,関東地方,埼玉県,深谷市,2018/11/15,103203,4
C-1000265,企業規模中,有限会社共生,関西地方,大阪府,枚方市,2016/3/14,102241,4
C-1000023,企業規模中,茨城實用物産合名会社,関東地方,神奈川県,横浜市南区,2015/2/9,101927,3
C-1000777,企業規模小,株式会社オネスト,関東地方,千葉県,市川市,2018/11/24,101824,5
C-1000644,その他,株式会社TOP,関東地方,神奈川県,伊勢原市,2018/3/5,106122,1
C-1000778,企業規模中,合同会社ＢＧ,関東地方,東京都,港区,2018/11/26,107115,5
C-1000200,企業規模小,合同会社にじのかけはし,関西地方,奈良県,香芝市,2015/11/23,101305,4
C-1000622,企業規模中,株式会社JIN,関東地方,東京都,葛飾区,2018/1/19,100556,2
C-1000407,企業規模小,武内合資会社,関西地方,奈良県,北葛城郡王寺町,2016/11/28,101809,1
C-1000678,企業規模小,合同会社ＰＭＣ,関東地方,東京都,杉並区,2018/4/13,101128,4
C-1000353,企業規模大,株式会社NSK,関東地方,東京都,港区,2016/9/5,106938,5
C-1000691,その他,株式会社ワンズ,関東地方,埼玉県,越谷市,2018/5/7,101554,2
C-1000786,企業規模小,合資会社水戸市街自動車撒水社,関東地方,東京都,墨田区,2018/12/12,101325,3
C-1000787,企業規模小,株式会社三輝,関東地方,栃木県,小山市,2018/12/13,102865,4
C-1000789,企業規模中,株式会社キノシタ,関東地方,東京都,世田谷区,2018/12/17,107051,3
C-1000403,企業規模中,三共合資会社,関東地方,神奈川県,相模原市中央区,2016/11/19,103882,5
C-1000766,企業規模小,株式会社サンシステム,関東地方,埼玉県,所沢市,2018/10/25,101554,1
C-1000453,企業規模中,有限会社三貴,関東地方,東京都,港区,2017/2/25,100556,1
C-1000482,企業規模小,マンションライフサポート合同会社,関東地方,東京都,目黒区,2017/4/4,100556,3
C-1000790,企業規模小,有限会社伊藤製作所,中部地方,愛知県,半田市,2018/12/21,102890,1
C-1000791,その他,有限会社三河屋,関東地方,神奈川県,大和市,2018/12/28,106122,2
C-1000284,企業規模小,合資会社助川鉄工所,関西地方,大阪府,大阪市港区,2016/3/28,102434,1
C-1000792,企業規模中,有限会社フォーチュン,北海道,北海道,札幌市東区,2019/1/1,102127,5
C-1000369,企業規模中,有限会社ウイズ,関東地方,東京都,港区,2016/9/30,102498,5
C-1000793,企業規模小,油屋旅舘合名会社,関西地方,兵庫県,伊丹市,2019/1/4,101812,5
C-1000085,企業規模小,合同会社島瓦商店,関東地方,東京都,中央区,2015/4/25,100556,1
C-1000593,企業規模小,株式会社エイコー,関東地方,神奈川県,横浜市中区,2017/11/20,107476,1
C-1000016,企業規模小,海成商事合同会社,関東地方,東京都,新宿区,2015/2/3,102498,3
C-1000794,企業規模中,合名会社大勢楼,関東地方,東京都,足立区,2019/1/11,107328,5
C-1000795,企業規模中,株式会社アールテック,北海道,北海道,滝川市,2019/1/12,103469,1
C-1000796,企業規模小,有限会社小林商会,中部地方,愛知県,名古屋市昭和区,2019/1/16,102065,5
C-1000628,企業規模大,有限会社鈴木商事,関東地方,東京都,文京区,2018/2/8,102125,4
C-1000280,企業規模小,大成商事合名会社,北海道,北海道,札幌市北区,2016/3/24,101292,2
C-1000679,企業規模小,株式会社フィール,関東地方,千葉県,千葉市花見川区,2018/4/18,101824,4
C-1000798,企業規模小,有限会社ウェーブ,北海道,北海道,帯広市,2019/1/26,100173,5
C-1000799,その他,株式会社AIM,九州,福岡県,北九州市八幡西区,2019/1/28,105580,2
C-1000800,企業規模小,有限会社クリエイション,北海道,北海道,小樽市,2019/1/28,100095,3
C-1000801,企業規模中,株式会社スタッフ,関東地方,東京都,文京区,2019/1/28,100556,2
C-1000802,企業規模小,有限会社エンゼル,中部地方,静岡県,島田市,2019/2/4,100376,3
C-1000151,企業規模中,株式会社ウィッシュ,関東地方,千葉県,大網白里市,2015/9/15,103010,2
C-1000804,企業規模小,有限会社ヨシムラ,関東地方,茨城県,日立市,2019/2/6,102865,3
C-1000806,企業規模大,加藤建設株式会社,九州,熊本県,熊本市東区,2019/2/8,103439,4
C-1000807,企業規模小,有限会社光商事,北海道,北海道,石狩市,2019/2/10,100095,2
C-1000809,企業規模大,株式会社ワイエス,関東地方,東京都,渋谷区,2019/2/11,106938,5
C-1000685,企業規模大,株式会社モノリス,関東地方,東京都,千代田区,2018/4/23,102125,4
C-1000811,企業規模中,株式会社ドリームワークス,関東地方,埼玉県,上尾市,2019/2/12,103203,4
C-1000490,企業規模中,エールアドエイジェンシー合同会社,関東地方,神奈川県,相模原市中央区,2017/4/11,106122,1
C-1000813,企業規模大,株式会社アプローズ,関東地方,東京都,台東区,2019/2/18,103937,1
C-1000714,企業規模小,有限会社吉田屋,関東地方,神奈川県,川崎市麻生区,2018/8/6,103882,4
C-1000026,企業規模小,有限会社やまもと,関西地方,大阪府,大阪市東住吉区,2015/2/12,102241,3
C-1000816,企業規模中,合資会社下館中央青果食品市場,関西地方,大阪府,貝塚市,2019/2/22,102434,2
C-1000815,企業規模中,有限会社サンキ,関西地方,大阪府,大阪市北区,2019/2/22,106237,4
C-1000814,企業規模小,株式会社ビーンズ,九州,熊本県,熊本市南区,2019/2/22,104591,2
C-1000658,企業規模中,合資会社入屋商店,関東地方,東京都,大田区,2018/3/28,100556,1
C-1000817,その他,合同会社アフェクト北関東,関東地方,東京都,世田谷区,2019/2/26,102498,3
C-1000651,企業規模中,有限会社サカモト,関東地方,神奈川県,藤沢市,2018/3/13,101206,4
C-1000820,その他,株式会社エーテック,関東地方,東京都,品川区,2019/2/28,100556,3
C-1000819,企業規模小,株式会社プライド,北海道,北海道,中川郡本別町,2019/2/28,103469,1
C-1000013,その他,合名会社紀の国食品,関東地方,埼玉県,さいたま市緑区,2015/1/26,101554,2
C-1000821,企業規模小,株式会社田中,関東地方,東京都,中央区,2019/3/1,103355,5
C-1000734,企業規模中,株式会社いろは,関東地方,埼玉県,鴻巣市,2018/9/10,103203,4
C-1000823,企業規模小,有限会社シーズ,中部地方,愛知県,名古屋市中川区,2019/3/3,104444,4
C-1000824,企業規模小,合名会社野崎商店,九州,福岡県,福岡市博多区,2019/3/4,105580,2
C-1000825,企業規模中,有限会社マック,関東地方,東京都,千代田区,2019/3/4,100446,4
C-1000829,企業規模小,株式会社ライフクリエイト,関東地方,東京都,中央区,2019/3/5,100556,2
C-1000828,企業規模小,下館青物合資会社,関東地方,東京都,練馬区,2019/3/5,105849,2
C-1000826,企業規模小,有限会社イシイ,関東地方,千葉県,習志野市,2019/3/5,103010,2
C-1000832,企業規模小,株式会社仁,関東地方,東京都,墨田区,2019/3/6,100446,4
C-1000122,企業規模小,ネクスト株式会社,関東地方,東京都,江東区,2015/7/27,101325,2
C-1000833,企業規模小,株式会社セイシン,関東地方,神奈川県,川崎市麻生区,2019/3/12,103882,4
C-1000475,企業規模中,合資会社シャンティー,関東地方,東京都,北区,2017/3/23,105849,4
C-1000835,企業規模小,合名会社釜屋山本商店,中国地方,岡山県,岡山市北区,2019/3/15,101428,1
C-1000836,企業規模小,有限会社アイコー,中部地方,新潟県,長岡市,2019/3/18,102114,3
C-1000733,企業規模中,株式会社ワタナベ,関東地方,東京都,葛飾区,2018/9/6,107115,5
C-1000837,企業規模中,ＣＯＣＯ,東北地方,福島県,郡山市,2019/3/22,102443,4
C-1000708,企業規模中,有限会社富士商事,関東地方,東京都,江戸川区,2018/7/17,107878,4
C-1000839,企業規模小,株式会社和光,中部地方,山梨県,甲府市,2019/3/27,100376,1
C-1000838,企業規模中,合名会社大和商店,関東地方,東京都,文京区,2019/3/27,105618,5
C-1000062,企業規模小,合名会社鍋屋本店,関東地方,東京都,小金井市,2015/3/15,100556,1
C-1000840,企業規模小,有限会社スギモト,九州,福岡県,福岡市早良区,2019/3/29,102197,2
C-1000732,その他,鈴木工業株式会社,関東地方,東京都,豊島区,2018/9/6,103152,3
C-1000495,企業規模小,合同会社Ａｃｔ,関西地方,京都府,京都市南区,2017/4/19,101809,4
C-1000770,企業規模中,有限会社ホクシン,関東地方,神奈川県,相模原市南区,2018/11/1,101927,3
C-1000110,企業規模中,有限会社ヒロコーポレーション,関東地方,東京都,港区,2015/6/10,105849,4
C-1000818,企業規模中,株式会社エコテック,関東地方,神奈川県,横浜市鶴見区,2019/2/28,103882,5
C-1000843,企業規模小,株式会社トップス,関東地方,埼玉県,入間市,2019/4/4,101554,3
C-1000384,企業規模中,株式会社イスト,関東地方,神奈川県,横浜市金沢区,2016/10/26,103882,5
C-1000844,企業規模大,合名会社大一商會,北海道,北海道,札幌市中央区,2019/4/7,100173,5
C-1000846,企業規模大,株式会社ライフパートナー,関東地方,東京都,渋谷区,2019/4/8,103675,2
C-1000339,企業規模小,株式会社トミタ,中部地方,愛知県,小牧市,2016/8/12,102890,2
C-1000845,企業規模小,株式会社エイム,関東地方,神奈川県,横浜市西区,2019/4/8,105743,3
C-1000847,企業規模中,株式会社クリエーション,関東地方,神奈川県,相模原市南区,2019/4/9,105743,4
C-1000331,企業規模中,株式会社アウル,北海道,北海道,登別市,2016/8/2,100173,4
C-1000112,企業規模中,有限会社プラス・ワン,関東地方,東京都,千代田区,2015/6/23,105618,5
C-1000848,企業規模大,有限会社ワイズコーポレーション,中部地方,石川県,金沢市,2019/4/12,100376,2
C-1000344,企業規模中,合資会社吉田紙器工業所,中国地方,広島県,広島市佐伯区,2016/8/22,104482,2
C-1000544,企業規模中,アリエス合同会社,関東地方,神奈川県,川崎市中原区,2017/9/25,105743,5
C-1000849,企業規模小,株式会社クレスト,東北地方,青森県,五所川原市,2019/4/15,102443,2
C-1000850,企業規模小,いろは桜合同会社,中国地方,山口県,山口市,2019/4/16,101428,2
C-1000854,その他,有限会社さくら,中部地方,愛知県,名古屋市中区,2019/4/18,102065,5
C-1000862,企業規模小,株式会社あすなろ,関東地方,東京都,渋谷区,2019/4/23,100556,2
C-1000249,企業規模小,株式会社新栄,関東地方,東京都,千代田区,2016/3/1,103355,5
C-1000863,企業規模小,株式会社ワールド,関東地方,千葉県,八千代市,2019/4/25,101824,3
C-1000865,その他,肥料合資会社,関東地方,東京都,葛飾区,2019/4/26,100556,1
C-1000864,企業規模小,有限会社近藤工業,関東地方,東京都,品川区,2019/4/26,100556,1
C-1000866,企業規模小,グリーンエコ合同会社,関東地方,東京都,渋谷区,2019/4/28,100556,1
C-1000868,企業規模小,丸山馬糧製造合名会社,関東地方,東京都,渋谷区,2019/4/29,103152,2
C-1000867,企業規模小,有限会社やすらぎ,関東地方,東京都,杉並区,2019/4/29,101782,4
C-1000718,企業規模小,株式会社田中屋,東北地方,宮城県,仙台市若林区,2018/8/21,102214,2
C-1000869,企業規模小,合名会社中橋商店,北海道,北海道,亀田郡七飯町,2019/5/4,101292,3
C-1000667,企業規模小,合同会社金元宝,関東地方,東京都,渋谷区,2018/4/2,107051,1
C-1000006,企業規模中,有限会社コムテック,関西地方,大阪府,大阪市東住吉区,2015/1/7,100798,2
C-1000870,企業規模小,株式会社田中工務店,中部地方,石川県,河北郡内灘町,2019/5/9,102114,4
C-1000040,企業規模小,株式会社ブルーオーシャン,関西地方,兵庫県,神戸市兵庫区,2015/3/3,101013,3
C-1000871,企業規模小,有限会社エコー,関東地方,埼玉県,八潮市,2019/5/13,103203,5
C-1000512,企業規模小,有限会社新和工業,関東地方,千葉県,船橋市,2017/6/9,107576,3
C-1000487,企業規模小,株式会社インテック,関東地方,神奈川県,藤沢市,2017/4/8,101927,3
C-1000873,企業規模小,有限会社アクセル,関東地方,東京都,豊島区,2019/5/21,101782,2
C-1000875,企業規模小,株式会社長谷川,関東地方,東京都,中野区,2019/5/24,102498,5
C-1000877,その他,有限会社ナック,関西地方,大阪府,摂津市,2019/5/26,105523,4
C-1000446,企業規模中,株式会社ジャック,中国地方,広島県,福山市,2017/2/17,104482,2
C-1000702,その他,合資会社益川電気工業所,関西地方,大阪府,大阪市城東区,2018/6/22,106237,5
C-1000878,企業規模小,株式会社大建,四国,愛媛県,新居浜市,2019/5/30,100708,5
C-1000872,企業規模大,有限会社グローブ,中部地方,岐阜県,大垣市,2019/5/16,102114,5
C-1000879,企業規模中,有限会社マルイ,北海道,北海道,札幌市厚別区,2019/5/31,103469,1
C-1000834,その他,有限会社青木商店,関東地方,東京都,足立区,2019/3/15,100556,2
C-1000805,企業規模小,有限会社こころ,関東地方,群馬県,桐生市,2019/2/7,102865,3
C-1000782,企業規模大,増田屋商事有限会社,関東地方,東京都,練馬区,2018/12/10,105849,2
C-1000880,企業規模小,株式会社大河,中部地方,山梨県,甲府市,2019/6/3,107395,2
C-1000881,企業規模小,有限会社ブロス,関東地方,東京都,練馬区,2019/6/5,107855,1
C-1000882,企業規模中,株式会社テクノス,関東地方,東京都,台東区,2019/6/7,100556,1
C-1000883,企業規模小,合同会社輔木,関東地方,東京都,渋谷区,2019/6/9,101325,2
C-1000827,企業規模中,合同会社勇真興業,関東地方,東京都,港区,2019/3/5,102498,3
C-1000442,企業規模小,菊地合資会社,中部地方,愛知県,名古屋市中川区,2017/2/12,104444,3
C-1000170,企業規模中,有限会社雅,関東地方,東京都,新宿区,2015/10/12,101782,2
C-1000452,企業規模小,合名会社龍崎商店,関東地方,神奈川県,横浜市神奈川区,2017/2/24,106122,2
C-1000272,企業規模中,合資会社みちかわエフピー事務所,関東地方,埼玉県,川口市,2016/3/16,100650,4
C-1000884,その他,合同会社アキ,中部地方,愛知県,名古屋市中区,2019/6/20,102065,5
C-1000887,企業規模小,株式会社オズ,関西地方,大阪府,東大阪市,2019/6/25,102241,3
C-1000779,企業規模中,合同会社宮川朝一都市・地域研究所,中部地方,岐阜県,関市,2018/11/30,107395,3
C-1000390,企業規模小,株式会社シーズ,関東地方,東京都,新宿区,2016/10/31,100556,1
C-1000346,企業規模小,有限会社ブルーム,関東地方,東京都,足立区,2016/8/28,105618,5
C-1000889,企業規模小,株式会社モア,関東地方,東京都,台東区,2019/7/2,101128,5
C-1000615,企業規模小,株式会社アビリティ,北海道,北海道,旭川市,2018/1/4,101542,2
C-1000890,企業規模中,株式会社フィット,関東地方,東京都,八王子市,2019/7/11,105874,3
C-1000172,企業規模小,有限会社四季,関西地方,大阪府,大阪市中央区,2015/10/12,102241,3
C-1000181,企業規模小,有限会社イマジン,関東地方,神奈川県,横須賀市,2015/10/27,107476,1
C-1000598,企業規模小,株式会社ネクストワン,関西地方,大阪府,箕面市,2017/11/28,105083,1
C-1000891,企業規模中,合資会社三幸商会,中国地方,広島県,広島市安佐北区,2019/7/30,104482,3
C-1000892,企業規模中,株式会社たんぽぽ,関西地方,大阪府,大阪市住之江区,2019/8/1,102434,2
C-1000893,企業規模大,合名会社湖月堂,関東地方,東京都,中野区,2019/8/2,101971,2
C-1000895,企業規模小,株式会社システック,中国地方,広島県,呉市,2019/8/3,104482,1
C-1000758,企業規模中,有限会社ジュン,関東地方,東京都,中野区,2018/10/18,101782,2
C-1000896,企業規模中,株式会社アスリート,関西地方,大阪府,松原市,2019/8/6,105083,1
C-1000897,企業規模小,有限会社クレイン,関東地方,東京都,北区,2019/8/8,103675,2
C-1000673,企業規模中,有限会社サトウ,関西地方,奈良県,奈良市,2018/4/7,101809,4
C-1000898,企業規模小,有限会社ガイア,関東地方,埼玉県,さいたま市大宮区,2019/8/9,103203,5
C-1000899,企業規模小,株式会社ルピナス,関東地方,神奈川県,相模原市南区,2019/8/15,100324,4
C-1000583,企業規模小,インポートフジ有限会社,関東地方,東京都,青梅市,2017/10/24,100556,1
C-1000900,企業規模小,船上バーベキュー合同会社,中部地方,石川県,金沢市,2019/8/16,102114,3
C-1000768,企業規模小,有限会社サンテクノ,関東地方,東京都,品川区,2018/10/30,101325,1
C-1000901,企業規模小,合資会社アルバトロス,関西地方,大阪府,大阪市中央区,2019/8/17,102241,4
C-1000675,企業規模小,株式会社ナックス,関東地方,埼玉県,川越市,2018/4/8,101554,2
C-1000033,企業規模小,株式会社ユーズ,関東地方,千葉県,木更津市,2015/2/24,101824,4
C-1000903,企業規模中,株式会社ヴィクトリー,関西地方,兵庫県,姫路市,2019/8/22,101013,3
C-1000385,企業規模中,合同会社海の贈り物,中国地方,山口県,岩国市,2016/10/26,101428,2
C-1000904,企業規模小,株式会社M’s,中部地方,愛知県,名古屋市中区,2019/8/26,103462,3
C-1000326,企業規模中,有限会社旭,九州,沖縄県,宜野湾市,2016/7/12,104591,2
C-1000905,企業規模中,株式会社井上,関西地方,三重県,四日市市,2019/9/1,101809,5
C-1000906,企業規模小,有限会社鈴屋,中部地方,愛知県,名古屋市瑞穂区,2019/9/3,104684,4
C-1000908,企業規模中,合資会社改良店,北海道,北海道,帯広市,2019/9/6,105438,5
C-1000909,企業規模小,株式会社伊藤組,関東地方,東京都,新宿区,2019/9/7,102498,3
C-1000911,企業規模大,エネルギーサポート合同会社,中部地方,岐阜県,羽島郡岐南町,2019/9/9,107395,2
C-1000910,企業規模中,古河燻炭肥料合名会社,中部地方,福井県,福井市,2019/9/9,100376,2
C-1000912,企業規模大,合同会社丸福運送,中部地方,愛知県,春日井市,2019/9/10,104444,4
C-1000574,企業規模小,佐藤工業株式会社,関東地方,千葉県,木更津市,2017/10/14,103010,1
C-1000913,企業規模小,合同会社ワイ・テック,関東地方,東京都,江東区,2019/9/11,103152,3
C-1000914,企業規模小,株式会社サンユウ,関東地方,東京都,品川区,2019/9/11,100556,1
C-1000915,企業規模中,三共肥料合名会社,関東地方,千葉県,市川市,2019/9/13,103010,2
C-1000918,企業規模小,株式会社ATS,関東地方,東京都,立川市,2019/9/15,105689,5
C-1000264,企業規模小,株式会社加藤組,関東地方,東京都,杉並区,2016/3/12,106938,4
C-1000919,企業規模小,株式会社つばさ,関東地方,埼玉県,川越市,2019/9/17,103203,4
C-1000443,企業規模中,株式会社シーク,関東地方,東京都,世田谷区,2017/2/13,100002,3
C-1000920,企業規模小,株式会社結,東北地方,秋田県,湯沢市,2019/9/18,102443,5
C-1000926,企業規模小,有限会社田中工業,関東地方,東京都,世田谷区,2019/9/20,100556,2
C-1000925,企業規模大,合名会社精和技研,東北地方,岩手県,盛岡市,2019/9/20,100118,5
C-1000432,企業規模小,株式会社オクト,関東地方,東京都,大田区,2017/1/30,101128,4
C-1000242,企業規模中,株式会社ライフスタイル,関東地方,神奈川県,川崎市多摩区,2016/2/12,107476,1
C-1000927,企業規模小,株式会社STYLE,関東地方,東京都,台東区,2019/9/23,100556,2
C-1000930,企業規模小,株式会社ウイル,関東地方,東京都,港区,2019/9/23,104054,5
C-1000928,企業規模大,有限会社吉田産業,中部地方,石川県,金沢市,2019/9/23,102114,4
C-1000754,企業規模中,合名会社大阪屋旅館,関東地方,神奈川県,横浜市港北区,2018/10/11,100324,4
C-1000931,企業規模大,有限会社村上商店,中部地方,愛知県,名古屋市西区,2019/10/2,104684,4
C-1000932,企業規模小,合資会社山崎商店,中国地方,広島県,廿日市市,2019/10/5,104482,1
C-1000934,その他,有限会社ライジング,関東地方,神奈川県,横浜市南区,2019/10/7,105743,4
C-1000902,企業規模大,株式会社ラポール,東北地方,宮城県,仙台市青葉区,2019/8/19,102214,3
C-1000041,企業規模小,有限会社阿部商店,関西地方,兵庫県,伊丹市,2015/3/4,101812,3
C-1000936,企業規模小,有限会社太陽商事,関東地方,東京都,江戸川区,2019/10/9,100556,2
C-1000937,その他,有限会社ダイキ,北海道,北海道,札幌市西区,2019/10/10,101542,1
C-1000039,企業規模中,株式会社ゴールド,関東地方,神奈川県,川崎市川崎区,2015/3/3,105743,4
C-1000014,企業規模小,有限会社木村屋,関東地方,千葉県,船橋市,2015/1/26,103010,1
C-1000938,企業規模中,有限会社アステック,九州,福岡県,福岡市博多区,2019/10/15,101056,4
C-1000939,企業規模中,有限会社サンライフ,中部地方,長野県,長野市,2019/10/15,100376,2
C-1000387,企業規模中,脇田製材合資会社,関東地方,東京都,東村山市,2016/10/28,105618,5
C-1000941,企業規模小,株式会社ジーテック,関東地方,東京都,中野区,2019/10/18,100556,1
C-1000269,企業規模小,弁天ビル合同会社,関東地方,東京都,渋谷区,2016/3/15,100556,1
C-1000943,企業規模中,株式会社ショウエイ,中国地方,岡山県,倉敷市,2019/10/21,100643,5
C-1000662,企業規模小,株式会社凛,中部地方,岐阜県,岐阜市,2018/3/31,107395,3
C-1000886,企業規模小,有限会社小林商事,関西地方,大阪府,大阪市淀川区,2019/6/22,106237,5
C-1000944,企業規模小,株式会社中村建設,関東地方,神奈川県,相模原市南区,2019/10/24,100324,5
C-1000940,企業規模小,株式会社佐藤製作所,関東地方,東京都,中央区,2019/10/18,103937,2
C-1000946,企業規模小,合同会社ひなたや,関西地方,兵庫県,高砂市,2019/10/25,101812,5
C-1000739,企業規模小,株式会社ベルウッド,関西地方,兵庫県,神戸市東灘区,2018/9/16,101013,1
C-1000942,企業規模小,合同会社プロズ,北海道,北海道,北広島市,2019/10/20,100173,5
C-1000947,企業規模中,合同会社いなべ資産承継研究所,関東地方,東京都,中野区,2019/10/30,101325,2
C-1000949,企業規模中,有限会社末広,中部地方,愛知県,小牧市,2019/10/31,103462,2
C-1000950,企業規模大,合名会社八百末商店,関東地方,神奈川県,横浜市港北区,2019/10/31,101206,2
C-1000924,企業規模大,合同会社上野自動車工業,関東地方,神奈川県,横浜市神奈川区,2019/9/19,106122,4
C-1000951,企業規模大,石岡土木工業建築請負合名会社,関東地方,東京都,墨田区,2019/11/1,105874,4
C-1000953,企業規模大,有限会社ハイテック,中部地方,愛知県,名古屋市南区,2019/11/2,104444,3
C-1000955,企業規模小,有限会社レインボー,関東地方,東京都,東村山市,2019/11/4,100556,1
C-1000528,企業規模小,合同会社ｂｒｉｄｇｅ,関東地方,東京都,武蔵野市,2017/8/12,105689,5
C-1000956,企業規模中,新幸商事合資会社,関東地方,東京都,東久留米市,2019/11/5,100556,1
C-1000957,その他,株式会社ヤマト,関東地方,東京都,墨田区,2019/11/6,100556,1
C-1000958,企業規模小,株式会社サンロード,関西地方,大阪府,大阪市城東区,2019/11/8,100352,2
C-1000857,企業規模中,有限会社清水,関東地方,東京都,町田市,2019/4/19,103937,2
C-1000960,企業規模中,関東ディスポーザー販売有限会社,関西地方,大阪府,大阪市東住吉区,2019/11/13,100352,3
C-1000961,その他,合資会社兼六組,関東地方,東京都,足立区,2019/11/14,107878,4
C-1000109,企業規模小,鍛冶春建設有限会社,関東地方,東京都,中野区,2015/6/10,103152,4
C-1000963,企業規模小,合名会社ホームショップ服部,関東地方,千葉県,習志野市,2019/11/15,103010,2
C-1000755,企業規模小,有限会社スズキ,関東地方,東京都,渋谷区,2018/10/15,107878,5
C-1000964,企業規模大,中村合名会社,関東地方,東京都,江戸川区,2019/11/17,105618,4
C-1000965,企業規模中,窪田製菓合資会社,東北地方,秋田県,秋田市,2019/11/18,102443,3
C-1000237,企業規模小,有限会社ハシモト,関東地方,神奈川県,横浜市港北区,2016/2/5,101206,2
C-1000923,企業規模中,有限会社山崎工業,北海道,北海道,北広島市,2019/9/19,106016,5
C-1000968,企業規模大,人見鉄工合名会社,関東地方,埼玉県,越谷市,2019/11/22,103314,5
C-1000460,企業規模中,有限会社ラック,四国,徳島県,徳島市,2017/3/3,100726,1
C-1000972,企業規模小,株式会社ステージ,中部地方,山梨県,韮崎市,2019/11/26,107395,3
C-1000971,企業規模中,合資会社経営法務事務機構,関東地方,東京都,台東区,2019/11/26,103355,5
C-1000974,企業規模大,有限会社友和,関西地方,大阪府,大阪市北区,2019/11/27,105523,5
C-1000973,企業規模小,ファインアップ有限会社,東北地方,岩手県,盛岡市,2019/11/27,102443,4
C-1000975,企業規模中,五鈴物産合資会社,北海道,北海道,札幌市南区,2019/11/27,101542,1
C-1000976,企業規模小,株式会社栄進,関東地方,埼玉県,さいたま市浦和区,2019/11/28,100650,2
C-1000751,企業規模小,株式会社アンビシャス,関西地方,兵庫県,神戸市灘区,2018/10/9,101013,2
C-1000748,企業規模小,有限会社山喜,中部地方,石川県,金沢市,2018/9/28,102114,4
C-1000781,企業規模大,株式会社ワイズコーポレーション,関東地方,東京都,港区,2018/12/3,101971,4
C-1000594,企業規模小,有限会社アルファー,中国地方,岡山県,岡山市南区,2017/11/23,101428,2
C-1000693,企業規模中,株式会社セブンシーズ,関東地方,神奈川県,川崎市幸区,2018/5/20,101206,3
C-1000977,企業規模小,株式会社山口商店,関東地方,神奈川県,川崎市川崎区,2019/12/4,107476,1
C-1000842,企業規模小,有限会社ポラリス,北海道,北海道,千歳市,2019/3/30,105438,5
C-1000978,その他,株式会社双葉,関東地方,東京都,練馬区,2019/12/9,101128,5
C-1000979,企業規模中,有限会社遠藤工務店,関東地方,埼玉県,和光市,2019/12/10,103203,4
C-1000981,企業規模小,古山自働車合資会社,関西地方,兵庫県,神戸市中央区,2019/12/12,101013,4
C-1000541,企業規模小,有限会社アミューズ,関東地方,埼玉県,さいたま市見沼区,2017/9/18,100650,3
C-1000982,企業規模小,有限会社清水商店,関東地方,東京都,品川区,2019/12/17,101128,4
C-1000984,企業規模中,合資会社クエスト,関西地方,三重県,津市,2019/12/19,101809,2
C-1000983,企業規模中,有限会社山田屋,関東地方,東京都,東村山市,2019/12/19,101782,3
C-1000959,企業規模小,株式会社サンコー,関東地方,東京都,中野区,2019/11/10,100002,4
C-1000985,企業規模大,合名会社滝野コンスターチ工業所,関東地方,神奈川県,横浜市旭区,2019/12/23,100324,4
C-1000967,企業規模小,有限会社協和商事,関東地方,東京都,品川区,2019/11/18,107051,3
C-1000980,企業規模中,株式会社SORA,九州,熊本県,熊本市中央区,2019/12/12,104591,1
C-1000764,企業規模小,株式会社ドリームファクトリー,中部地方,愛知県,名古屋市中区,2018/10/22,104444,3
C-1000620,企業規模中,合名会社フルカワコーポレーション,関東地方,神奈川県,横浜市中区,2018/1/10,100324,4
C-1000970,企業規模大,有限会社アオイ,関東地方,東京都,文京区,2019/11/26,107115,5
C-1000999,企業規模小,合名会社丸治皮革工業所,関東地方,東京都,大田区,2020/1/4,101128,5
C-1000990,企業規模小,株式会社アイエス,関西地方,大阪府,大阪市生野区,2020/1/6,102434,3
C-1001007,企業規模中,有限会社和光,中国地方,広島県,広島市安佐北区,2020/1/6,104482,1
C-1001006,企業規模中,株式会社丸三,関東地方,東京都,西東京市,2020/1/6,100556,1
C-1001008,企業規模小,合名会社松屋荒物店,九州,福岡県,福岡市南区,2020/1/8,103358,5
C-1000991,企業規模大,株式会社みらい,関西地方,大阪府,守口市,2020/1/8,100798,4
C-1001001,企業規模中,ｆｄｓａ合同会社,関東地方,東京都,豊島区,2020/1/9,100556,2
C-1001000,企業規模中,株式会社ベストライフ,東北地方,宮城県,仙台市宮城野区,2020/1/10,102214,1
C-1001005,企業規模大,株式会社マツイ,東北地方,福島県,いわき市,2020/1/12,102443,4
C-1000993,企業規模小,合同会社マサキ,九州,大分県,大分市,2020/1/13,104591,1
C-1000997,企業規模小,島村商事合資会社,中国地方,広島県,福山市,2020/1/16,104482,5
C-1000986,企業規模大,有限会社中島製作所,関東地方,東京都,立川市,2020/1/17,101325,1
C-1000996,企業規模中,有限会社松本商店,九州,大分県,大分市,2020/1/20,103439,5
C-1001004,企業規模小,合同会社笠間マロンクラブ,九州,福岡県,福岡市中央区,2020/1/20,105580,2
C-1001009,企業規模小,霞浦絹業合名会社,関東地方,千葉県,船橋市,2020/1/23,107576,4
C-1000992,企業規模大,株式会社大喜,関西地方,大阪府,大阪市住之江区,2020/1/24,106237,5
C-1000988,企業規模小,有限会社新栄,関東地方,東京都,中央区,2020/1/24,100002,2
C-1001003,企業規模小,有限会社大喜,関東地方,東京都,墨田区,2020/1/25,106938,5
C-1000994,企業規模大,合同会社しいのき,九州,沖縄県,那覇市,2020/1/26,104591,1
C-1001011,企業規模中,合名会社大光館,関東地方,東京都,墨田区,2020/1/28,100556,1
C-1000995,企業規模小,株式会社アジャスト,北海道,北海道,札幌市西区,2020/1/28,106016,5
C-1000998,企業規模小,合同会社ケイアンドジー企画,関東地方,東京都,世田谷区,2020/1/29,101517,5
C-1001002,その他,株式会社アーク,関東地方,東京都,豊島区,2020/1/30,100556,2
C-1000989,企業規模大,合資会社宇仁田呉服店,関西地方,大阪府,東大阪市,2020/1/31,106237,4
C-1001010,企業規模小,株式会社山崎工業,関東地方,埼玉県,川口市,2020/1/31,101554,2
C-1001037,企業規模小,合名会社杉屋旅舘,関東地方,神奈川県,大和市,2020/2/1,100324,4
C-1001013,企業規模中,合資会社伊藤増鋳造所,中国地方,岡山県,岡山市中区,2020/2/3,101428,1
C-1001012,企業規模中,株式会社サンコーポレーション,関東地方,東京都,世田谷区,2020/2/3,107855,2
C-1001027,企業規模中,有限会社フラップ,北海道,北海道,札幌市南区,2020/2/6,100173,4
C-1001031,企業規模中,株式会社エムアンドエム,中部地方,愛知県,名古屋市北区,2020/2/10,103462,3
C-1001017,企業規模中,株式会社栄和,中部地方,新潟県,新潟市秋葉区,2020/2/10,102114,5
C-1001020,企業規模小,合名会社丸屋,中部地方,愛知県,名古屋市中区,2020/2/10,103462,2
C-1001021,企業規模大,合資会社櫻井商店,東北地方,岩手県,盛岡市,2020/2/10,102443,4
C-1001015,企業規模小,有限会社井上工業,北海道,北海道,札幌市中央区,2020/2/11,101292,1
C-1001018,企業規模中,有限会社アクアテック,九州,鹿児島県,鹿屋市,2020/2/12,101512,5
C-1001034,企業規模中,株式会社都,中部地方,岐阜県,多治見市,2020/2/12,107395,1
C-1001024,企業規模小,永和吉企業有限会社,中部地方,愛知県,春日井市,2020/2/12,102890,2
C-1001029,企業規模小,合資会社別府商店,関東地方,神奈川県,川崎市高津区,2020/2/14,100568,5
C-1001023,企業規模中,株式会社プラスアルファ,関東地方,東京都,小金井市,2020/2/14,100556,1
C-1001032,企業規模大,有限会社グロース,関東地方,東京都,新宿区,2020/2/15,100556,1
C-1001040,企業規模小,合資会社花いちもんめ,関東地方,東京都,豊島区,2020/2/15,107878,4
C-1001026,その他,有限会社三徳,中部地方,長野県,松本市,2020/2/16,100376,1
C-1001019,企業規模中,有限会社岡田商事,関西地方,兵庫県,神戸市垂水区,2020/2/17,101812,5
C-1001016,企業規模中,合同会社スリー・ハット,関西地方,兵庫県,神戸市中央区,2020/2/18,103856,5
C-1001033,企業規模小,有限会社タツミ,関東地方,東京都,練馬区,2020/2/19,102125,4
C-1001025,企業規模小,合同会社ディヴィジョン,関東地方,東京都,港区,2020/2/20,103152,3
C-1001030,その他,株式会社K’s,関東地方,埼玉県,和光市,2020/2/21,103203,5
C-1001035,企業規模小,株式会社中村工務店,関東地方,東京都,葛飾区,2020/2/21,100556,1
C-1001028,企業規模中,株式会社ジョイ,関東地方,東京都,品川区,2020/2/24,102498,3
C-1001039,企業規模大,株式会社LEAD,関東地方,東京都,練馬区,2020/2/24,101325,3
C-1001014,その他,株式会社ミライズ,関西地方,大阪府,大東市,2020/2/24,105083,1
C-1001038,企業規模小,昭和プラント有限会社,関東地方,千葉県,八千代市,2020/2/24,103010,1
C-1001022,企業規模小,有限会社いずみ,中部地方,愛知県,名古屋市西区,2020/2/26,104684,5
C-1001053,企業規模中,株式会社ダイニチ,関東地方,東京都,荒川区,2020/3/3,103152,2
C-1001068,企業規模中,株式会社ゆう,関東地方,東京都,練馬区,2020/3/3,101782,3
C-1001061,企業規模中,合名会社立川油店,関西地方,大阪府,,2020/3/3,100516,5
C-1001058,企業規模中,株式会社グランデ,関東地方,東京都,世田谷区,2020/3/3,101971,3
C-1001050,企業規模中,有限会社エフ,関東地方,東京都,台東区,2020/3/4,100556,2
C-1001048,企業規模大,有限会社アーバン,関東地方,東京都,練馬区,2020/3/4,105618,4
C-1001044,企業規模小,合同会社ＴＯＰ,関東地方,神奈川県,川崎市麻生区,2020/3/5,103882,5
C-1001042,企業規模小,有限会社アズマ,関東地方,神奈川県,茅ヶ崎市,2020/3/6,103882,4
C-1001064,企業規模小,合名会社アニマルリサーチ,北海道,北海道,帯広市,2020/3/11,103469,1
C-1001051,企業規模小,株式会社スクラム,関東地方,東京都,大田区,2020/3/11,103152,2
C-1001063,企業規模小,有限会社斎藤商店,関東地方,神奈川県,横浜市旭区,2020/3/12,103882,5
C-1001047,企業規模中,株式会社アルバ,関西地方,兵庫県,神戸市中央区,2020/3/12,101013,3
C-1001041,企業規模小,株式会社サクシード,関西地方,兵庫県,神戸市中央区,2020/3/16,101812,4
C-1001049,企業規模小,有限会社渡辺商店,関東地方,神奈川県,横浜市南区,2020/3/17,100324,4
C-1001046,企業規模大,青柳商事合資会社,東北地方,岩手県,北上市,2020/3/17,102443,4
C-1001066,企業規模小,有限会社マルシン,関西地方,兵庫県,神戸市垂水区,2020/3/18,101812,5
C-1001057,企業規模小,合名会社加納商店,九州,沖縄県,那覇市,2020/3/20,104591,2
C-1001054,企業規模小,有限会社テック,関東地方,東京都,練馬区,2020/3/20,106938,5
C-1001067,企業規模小,株式会社キタムラ,関東地方,東京都,大田区,2020/3/20,107855,1
C-1001065,企業規模大,有限会社ミツワ,中国地方,山口県,宇部市,2020/3/21,100643,5
C-1001045,企業規模大,関西地建商事合資会社,関東地方,東京都,狛江市,2020/3/22,100556,2
C-1001059,企業規模小,有限会社グリーンフィールド,関東地方,東京都,江戸川区,2020/3/23,100556,2
C-1001052,その他,株式会社アンサー,関東地方,神奈川県,横浜市南区,2020/3/23,101927,3
C-1001060,企業規模小,ＡＨＭＥＤ,関西地方,兵庫県,神戸市長田区,2020/3/23,101013,2
C-1001055,企業規模大,株式会社アルト,中部地方,石川県,能美市,2020/3/26,102468,5
C-1001062,企業規模小,株式会社エクセレント,関東地方,千葉県,鎌ケ谷市,2020/3/26,103010,1
C-1001056,企業規模中,株式会社オーシャンズ,東北地方,宮城県,仙台市泉区,2020/3/31,102214,3
C-1001095,企業規模小,株式会社松栄,関東地方,神奈川県,横浜市磯子区,2020/4/1,101927,2
C-1001093,企業規模小,合同会社ＲＩＳＥ,関東地方,東京都,港区,2020/4/1,107115,5
C-1001090,企業規模小,株式会社ソニック,関東地方,埼玉県,さいたま市南区,2020/4/3,100650,4
C-1001080,企業規模中,合同会社オリージュ,関東地方,東京都,品川区,2020/4/6,107328,4
C-1001078,企業規模小,有限会社リード,関東地方,千葉県,君津市,2020/4/6,103010,2
C-1001092,企業規模小,株式会社リバース,関東地方,千葉県,千葉市中央区,2020/4/7,107576,4
C-1001096,企業規模大,合同会社創,九州,福岡県,北九州市小倉南区,2020/4/7,102197,4
C-1001094,企業規模大,有限会社オフィスケイ,関東地方,東京都,世田谷区,2020/4/7,105618,5
C-1001077,その他,有限会社ベスト,北海道,北海道,札幌市北区,2020/4/9,103469,1
C-1001084,企業規模中,株式会社アイリス,中部地方,岐阜県,各務原市,2020/4/9,100376,2
C-1001081,企業規模大,合同会社ロングライフサービス,関東地方,東京都,品川区,2020/4/10,103675,1
C-1001083,企業規模大,株式会社エイト,中部地方,愛知県,名古屋市中村区,2020/4/10,102890,1
C-1001089,企業規模大,株式会社オレンジ,関東地方,千葉県,八千代市,2020/4/10,107576,3
C-1001079,企業規模小,株式会社ジーク,中部地方,愛知県,常滑市,2020/4/13,104444,3
C-1001076,企業規模中,株式会社ライフサービス,関東地方,東京都,品川区,2020/4/13,101325,2
C-1001091,企業規模小,株式会社STEP,九州,福岡県,糟屋郡志免町,2020/4/13,102197,2
C-1001085,企業規模中,有限会社小川工務店,関西地方,大阪府,和泉市,2020/4/14,105523,4
C-1001075,企業規模小,叶多寿合同会社,関東地方,東京都,港区,2020/4/14,106938,5
C-1001069,企業規模中,合名会社貴舟,関西地方,大阪府,大阪市北区,2020/4/17,105083,3
C-1001082,企業規模中,合名会社小柳商店,関西地方,大阪府,大阪市中央区,2020/4/18,102434,2
C-1001073,企業規模小,山口建設株式会社,関東地方,東京都,千代田区,2020/4/19,105618,5
C-1001087,企業規模中,有限会社小林建設,九州,福岡県,福岡市南区,2020/4/24,101056,4
C-1001071,企業規模大,株式会社スプリング,中部地方,愛知県,名古屋市中村区,2020/4/25,102890,2
C-1001072,企業規模小,株式会社ホライズン,関西地方,大阪府,大阪市住之江区,2020/4/27,100516,4
C-1001088,企業規模小,株式会社トレス,中部地方,静岡県,静岡市葵区,2020/4/27,100376,1
C-1001074,企業規模小,有限会社トーシン,中部地方,長野県,上田市,2020/4/28,102114,5
C-1001070,企業規模大,株式会社イレブン,四国,高知県,高知市,2020/4/28,100726,5
C-1001086,企業規模大,株式会社エスケイ,関西地方,大阪府,松原市,2020/4/30,100516,5
C-1001113,企業規模小,株式会社コンセプト,関東地方,千葉県,浦安市,2020/5/8,103010,2
C-1001111,企業規模中,株式会社タカギ,関東地方,東京都,杉並区,2020/5/8,103675,2
C-1001116,企業規模小,株式会社響,関東地方,東京都,目黒区,2020/5/9,100556,2
C-1001112,企業規模小,ライズ株式会社,北海道,北海道,小樽市,2020/5/11,102127,5
C-1001105,企業規模小,株式会社サンユー,関西地方,大阪府,大阪市西区,2020/5/13,105083,1
C-1001110,企業規模中,株式会社サクセス,中部地方,新潟県,上越市,2020/5/14,102114,5
C-1001115,企業規模中,有限会社コンフォート,九州,福岡県,福岡市城南区,2020/5/14,102197,4
C-1001101,企業規模中,株式会社善,関東地方,東京都,江東区,2020/5/14,100556,1
C-1001107,企業規模中,合同会社きらら,関東地方,神奈川県,横浜市鶴見区,2020/5/15,105743,5
C-1001102,その他,株式会社パレット,関東地方,栃木県,真岡市,2020/5/18,102865,1
C-1001100,企業規模大,合資会社小椋商会,北海道,北海道,帯広市,2020/5/18,106016,5
C-1001106,企業規模大,株式会社ユナイテッド,北海道,北海道,札幌市豊平区,2020/5/21,100173,4
C-1001097,企業規模小,合資会社バンコー,中国地方,広島県,福山市,2020/5/22,101715,4
C-1001104,企業規模中,株式会社アイビス,北海道,北海道,河東郡音更町,2020/5/23,103469,3
C-1001099,企業規模小,有限会社彩,関東地方,東京都,稲城市,2020/5/24,102125,5
C-1001109,企業規模中,ＹＥＳ,四国,徳島県,徳島市,2020/5/25,100708,5
C-1001098,企業規模小,有限会社飛翔,関東地方,東京都,中央区,2020/5/26,100556,2
C-1001103,企業規模大,有限会社伊藤商会,東北地方,岩手県,盛岡市,2020/5/28,102443,4
C-1001108,企業規模小,合資会社水戸製瓦所,中部地方,福井県,福井市,2020/5/28,107395,4
C-1001114,企業規模小,まちむすび合同会社,九州,宮崎県,宮崎市,2020/5/30,103439,3
C-1001141,企業規模小,合同会社Ｇ．Ｄエンタープライゼス,中部地方,静岡県,静岡市葵区,2020/6/2,107395,3
C-1001122,企業規模大,合同会社こどもサポートプロジェクト,関東地方,東京都,江戸川区,2020/6/2,102498,4
C-1001133,企業規模大,合名会社小林材木店,九州,福岡県,福岡市博多区,2020/6/3,102197,2
C-1001130,企業規模中,有限会社アシスト,関東地方,神奈川県,横浜市都筑区,2020/6/4,101206,3
C-1001127,企業規模中,株式会社ドリーム,東北地方,宮城県,仙台市泉区,2020/6/4,102214,3
C-1001118,企業規模小,株式会社アトラクト,関西地方,大阪府,大阪市平野区,2020/6/5,102241,4
C-1001136,その他,有限会社スエヒロ,関東地方,埼玉県,さいたま市大宮区,2020/6/5,101554,1
C-1001125,企業規模小,株式会社ホープ,関東地方,東京都,板橋区,2020/6/6,102033,5
C-1001126,企業規模中,有限会社オリーブ,関東地方,東京都,江戸川区,2020/6/6,100556,1
C-1001144,企業規模中,大和建設株式会社,関東地方,東京都,文京区,2020/6/8,107855,2
C-1001123,企業規模小,株式会社松建,関西地方,大阪府,大阪市平野区,2020/6/8,100516,5
C-1001145,その他,有限会社創和,関東地方,東京都,新宿区,2020/6/9,102033,5
C-1001138,企業規模小,株式会社源,関東地方,東京都,港区,2020/6/10,103355,5
C-1001128,企業規模小,合名会社富士商会,中部地方,新潟県,新発田市,2020/6/10,100376,2
C-1001134,企業規模中,大和興業株式会社,関東地方,東京都,江東区,2020/6/11,105874,3
C-1001124,企業規模中,株式会社フォーチュン,関東地方,東京都,世田谷区,2020/6/11,100556,1
C-1001120,企業規模小,有限会社森商店,東北地方,宮城県,登米市,2020/6/11,102214,1
C-1001139,企業規模中,株式会社アーネスト,関東地方,埼玉県,戸田市,2020/6/11,101554,1
C-1001146,企業規模小,合同会社東海ビル管理サービス,関東地方,神奈川県,横浜市西区,2020/6/12,101927,3
C-1001143,企業規模小,有限会社エポック,九州,福岡県,糟屋郡宇美町,2020/6/15,102197,3
C-1001140,企業規模大,合資会社グローバルカンパニー,関東地方,東京都,足立区,2020/6/17,100556,1
C-1001137,その他,有限会社ダイチ,関東地方,東京都,目黒区,2020/6/18,105618,5
C-1001135,企業規模中,有限会社ヤマキ,関東地方,千葉県,木更津市,2020/6/18,101824,5
C-1001119,企業規模小,有限会社フレックス,関東地方,東京都,武蔵野市,2020/6/18,100556,2
C-1001117,企業規模小,株式会社サンケン,北海道,北海道,帯広市,2020/6/18,106016,4
C-1001129,企業規模大,合資会社小林貞之助商店,関西地方,大阪府,枚方市,2020/6/20,100798,4
C-1001131,企業規模中,株式会社よつば,関西地方,大阪府,東大阪市,2020/6/23,100352,2
C-1001121,企業規模中,合名会社刀根製菓,関西地方,大阪府,大阪市生野区,2020/6/26,102434,3
C-1001132,企業規模大,有限会社坂本工業,関東地方,東京都,台東区,2020/6/29,101782,3
C-1001142,企業規模中,株式会社豊,関東地方,東京都,中野区,2020/6/30,107051,3
C-1001163,企業規模中,櫻ワークス合名会社,関東地方,東京都,足立区,2020/7/2,100446,4
C-1001165,企業規模小,合同会社福祉用具アシスト,関東地方,東京都,小金井市,2020/7/3,100556,1
C-1001169,企業規模中,株式会社エターナル,関西地方,京都府,京都市伏見区,2020/7/3,101809,2
C-1001156,企業規模中,株式会社マインズ,東北地方,宮城県,仙台市宮城野区,2020/7/6,102214,2
C-1001148,企業規模小,株式会社アライズ,関西地方,兵庫県,川西市,2020/7/6,101812,5
C-1001158,企業規模小,丸平食品合名会社,関東地方,東京都,千代田区,2020/7/8,100002,2
C-1001162,企業規模小,合資会社コイノニア・インターナショナル,関東地方,東京都,青梅市,2020/7/10,100556,2
C-1001153,企業規模小,株式会社翔,九州,福岡県,北九州市門司区,2020/7/11,101056,3
C-1001147,企業規模大,株式会社三愛,関東地方,東京都,板橋区,2020/7/13,105689,4
C-1001150,企業規模小,有限会社佐々木工業,関東地方,東京都,調布市,2020/7/13,105689,4
C-1001151,企業規模小,合名会社野垣兄弟商会,関東地方,東京都,大田区,2020/7/13,103937,1
C-1001157,企業規模小,有限会社ハンズ,中部地方,山梨県,甲府市,2020/7/14,102114,4
C-1001159,企業規模大,株式会社まごころ,関西地方,奈良県,橿原市,2020/7/19,101305,5
C-1001166,企業規模小,株式会社ジャスト,北海道,北海道,河東郡音更町,2020/7/23,101292,2
C-1001160,企業規模小,小林建設株式会社,関東地方,埼玉県,さいたま市中央区,2020/7/24,101554,2
C-1001168,企業規模大,株式会社和,関西地方,大阪府,池田市,2020/7/24,102434,1
C-1001149,企業規模中,株式会社タック,関東地方,栃木県,小山市,2020/7/24,102865,2
C-1001152,企業規模小,有限会社フジコーポレーション,九州,福岡県,北九州市八幡西区,2020/7/27,101056,4
C-1001164,企業規模小,株式会社オリエンタル,関東地方,神奈川県,川崎市中原区,2020/7/27,100324,5
C-1001155,企業規模小,株式会社ジェイズ,関東地方,東京都,葛飾区,2020/7/29,101517,5
C-1001154,企業規模中,株式会社イマイ,四国,愛媛県,今治市,2020/7/29,100726,3
C-1001161,企業規模中,有限会社アネックス,関東地方,神奈川県,横須賀市,2020/7/30,105743,3
C-1001189,企業規模中,有限会社ジョイ,北海道,北海道,余市郡余市町,2020/8/3,106016,4
C-1001180,企業規模小,合名会社宝月,関東地方,東京都,港区,2020/8/3,100446,5
C-1001191,企業規模小,常東農民組合指定常東種苗合資会社,関西地方,大阪府,箕面市,2020/8/3,100352,2
C-1001176,企業規模小,平嶋石油合名会社,関東地方,埼玉県,久喜市,2020/8/7,103203,4
C-1001174,企業規模中,尾鷲印刷合資会社,北海道,北海道,帯広市,2020/8/7,106016,5
C-1001181,企業規模大,有限会社ケイアンドケイ,北海道,北海道,札幌市北区,2020/8/7,101292,3
C-1001182,企業規模中,株式会社アカツキ,関東地方,東京都,荒川区,2020/8/7,103675,3
C-1001183,企業規模小,思源合同会社,関東地方,神奈川県,横浜市西区,2020/8/10,101927,4
C-1001193,企業規模中,株式会社信栄,関西地方,兵庫県,神戸市灘区,2020/8/10,101013,2
C-1001184,企業規模中,株式会社サンクリエイト,中部地方,愛知県,名古屋市千種区,2020/8/10,102065,5
C-1001172,企業規模小,三和商事株式会社,関東地方,東京都,江東区,2020/8/13,100556,1
C-1001194,その他,日本創建合同会社,関東地方,茨城県,神栖市,2020/8/13,102865,1
C-1001186,企業規模小,有限会社つるや,関東地方,東京都,豊島区,2020/8/13,105618,4
C-1001187,企業規模大,株式会社雅,北海道,北海道,札幌市中央区,2020/8/14,100095,2
C-1001178,企業規模中,合同会社ＮＤＰ,北海道,北海道,札幌市中央区,2020/8/14,103469,2
C-1001192,企業規模中,株式会社Kコーポレーション,中部地方,愛知県,春日井市,2020/8/17,102065,5
C-1001190,企業規模小,有限会社イノウエ,関西地方,大阪府,大阪市旭区,2020/8/17,105523,3
C-1001177,企業規模中,株式会社エフテック,関西地方,大阪府,大阪市東住吉区,2020/8/20,102434,2
C-1001179,企業規模小,株式会社新興,中国地方,広島県,福山市,2020/8/25,104482,1
C-1001175,その他,有限会社ブレス,九州,宮崎県,宮崎市,2020/8/26,104591,1
C-1001185,企業規模中,桂商事合名会社,関東地方,東京都,港区,2020/8/26,107051,1
C-1001170,企業規模小,有限会社小林工業所,関東地方,神奈川県,横浜市中区,2020/8/28,103882,5
C-1001173,企業規模小,有限会社ダイケン,四国,高知県,高知市,2020/8/28,100726,5
C-1001171,企業規模中,有限会社三栄,関東地方,栃木県,栃木市,2020/8/29,102865,3
C-1001188,その他,寺本針植工業有限会社,中部地方,岐阜県,岐阜市,2020/8/29,100376,2
C-1001198,企業規模小,株式会社あおぞら,北海道,北海道,札幌市中央区,2020/9/1,101292,2
C-1001196,企業規模大,株式会社トラストワン,関西地方,大阪府,池田市,2020/9/1,102434,4
C-1001214,企業規模中,有限会社大成商事,九州,宮崎県,延岡市,2020/9/4,104591,1
C-1001218,企業規模中,合名会社◆奥田洋品店,中部地方,愛知県,名古屋市東区,2020/9/4,102890,2
C-1001208,企業規模小,株式会社つなぐ,関西地方,兵庫県,神戸市中央区,2020/9/7,101013,3
C-1001201,企業規模小,有限会社ハーモニー,関東地方,埼玉県,さいたま市北区,2020/9/8,103203,5
C-1001216,企業規模小,有限会社石川,九州,沖縄県,宜野湾市,2020/9/11,104591,1
C-1001215,企業規模小,横島醤油納豆有限会社,関東地方,千葉県,船橋市,2020/9/12,103010,2
C-1001207,企業規模小,合名会社桑山運送店,関西地方,大阪府,大阪市東住吉区,2020/9/15,102241,4
C-1001213,企業規模小,合資会社三島木材店,九州,福岡県,福岡市東区,2020/9/15,101056,5
C-1001210,企業規模中,合同会社ツインベル,関東地方,神奈川県,川崎市麻生区,2020/9/17,100324,5
C-1001209,企業規模中,株式会社秀和,関東地方,千葉県,松戸市,2020/9/17,103010,1
C-1001197,企業規模大,朝日リスクマネジメント合資会社,九州,沖縄県,那覇市,2020/9/18,104591,4
C-1001203,企業規模中,株式会社アーバン,関東地方,東京都,渋谷区,2020/9/21,105874,2
C-1001217,企業規模小,株式会社中村組,関東地方,東京都,武蔵村山市,2020/9/22,105689,5
C-1001200,企業規模中,有限会社シマダ,関東地方,埼玉県,越谷市,2020/9/24,100650,3
C-1001206,企業規模中,株式会社デルタ,関東地方,東京都,足立区,2020/9/24,100556,1
C-1001211,企業規模中,株式会社メック,関東地方,東京都,港区,2020/9/24,107878,4
C-1001202,企業規模中,株式会社ケンテック,北海道,北海道,旭川市,2020/9/28,100095,2
C-1001205,企業規模小,篠塚保全合資会社,関西地方,大阪府,大阪市中央区,2020/9/28,100352,2
C-1001219,企業規模小,株式会社エルム,関東地方,千葉県,木更津市,2020/9/29,103010,2
C-1001204,企業規模中,株式会社イノベーション,関東地方,東京都,立川市,2020/9/29,102033,5
C-1001195,企業規模小,株式会社令和,関東地方,東京都,港区,2020/9/30,103152,2
C-1001212,企業規模小,株式会社ヤマイチ,関東地方,東京都,中野区,2020/9/30,105689,4
C-1001223,企業規模小,合名会社鈴商会,関東地方,東京都,新宿区,2020/10/1,105849,2
C-1001237,企業規模中,株式会社大昌,関東地方,東京都,大田区,2020/10/2,105689,3
C-1001233,企業規模中,尾鷲信託合資会社,中部地方,静岡県,浜松市中区,2020/10/5,100376,1
C-1001228,企業規模小,有限会社ヒロセ,関東地方,東京都,港区,2020/10/6,107878,4
C-1001226,企業規模小,合資会社仲田商事,四国,愛媛県,松山市,2020/10/10,100726,1
C-1001230,企業規模大,合資会社大曽根山之介商店,関東地方,東京都,渋谷区,2020/10/12,105689,5
C-1001236,企業規模大,株式会社ダイシン,関西地方,大阪府,大阪市北区,2020/10/13,102241,5
C-1001231,企業規模中,株式会社グランドライン,関東地方,神奈川県,大和市,2020/10/13,106122,3
C-1001224,企業規模中,株式会社中川,四国,徳島県,徳島市,2020/10/13,100726,2
C-1001239,企業規模大,東洋木工合資会社,九州,熊本県,熊本市南区,2020/10/13,103439,4
C-1001229,企業規模小,松屋不動産三重有限会社,関西地方,大阪府,大阪市中央区,2020/10/13,106237,5
C-1001242,企業規模小,南モクメン工業合資会社,関西地方,兵庫県,,2020/10/13,101013,2
C-1001243,企業規模中,有限会社アイテム,関西地方,和歌山県,和歌山市,2020/10/14,101809,2
C-1001220,企業規模小,株式会社KTS,関東地方,東京都,渋谷区,2020/10/16,100556,3
C-1001234,企業規模小,合名会社青木商店,中部地方,静岡県,浜松市浜北区,2020/10/18,100376,1
C-1001227,企業規模中,株式会社GRIT,関東地方,茨城県,日立市,2020/10/19,102865,4
C-1001238,企業規模大,株式会社マルヨシ,関東地方,埼玉県,さいたま市浦和区,2020/10/19,101554,1
C-1001241,企業規模小,合名会社八百権本店,関東地方,埼玉県,所沢市,2020/10/20,100650,4
C-1001221,企業規模小,株式会社フェニックス,関東地方,東京都,中野区,2020/10/21,100556,2
C-1001235,企業規模中,有限会社三幸商事,北海道,北海道,札幌市西区,2020/10/23,100095,4
C-1001225,企業規模小,株式会社アリエス,中部地方,山梨県,甲府市,2020/10/23,100376,1
C-1001240,企業規模小,株式会社司,九州,沖縄県,沖縄市,2020/10/23,104591,1
C-1001232,企業規模小,有限会社鈴木工業所,関東地方,東京都,杉並区,2020/10/27,101325,2
C-1001222,企業規模小,合同会社花あかり,北海道,北海道,滝川市,2020/10/30,100173,3
C-1001259,企業規模小,株式会社ジパング,関西地方,大阪府,大阪市東住吉区,2020/11/1,100352,3
C-1001247,企業規模小,有限会社三興,東北地方,秋田県,秋田市,2020/11/2,102443,3
C-1001246,企業規模小,株式会社サイトウ,関東地方,千葉県,千葉市中央区,2020/11/4,103010,1
C-1001266,その他,合同会社ファミリー太陽,関東地方,東京都,東村山市,2020/11/5,100556,1
C-1001251,企業規模中,シルバー警備合同会社,九州,宮崎県,延岡市,2020/11/6,103439,3
C-1001245,企業規模中,有限会社サンエス,北海道,北海道,札幌市東区,2020/11/6,102127,5
C-1001244,企業規模中,株式会社大雅,中部地方,岐阜県,高山市,2020/11/6,102114,4
C-1001262,企業規模小,有限会社大倉,関東地方,東京都,府中市,2020/11/9,107115,5
C-1001249,企業規模小,吉田工業株式会社,関西地方,奈良県,奈良市,2020/11/9,101809,4
C-1001256,企業規模大,株式会社バディ,九州,福岡県,福岡市博多区,2020/11/14,102197,3
C-1001250,企業規模小,合同会社ＭＵＧＥＮ,関東地方,神奈川県,川崎市高津区,2020/11/16,105743,3
C-1001267,企業規模小,株式会社フロントライン,関東地方,東京都,新宿区,2020/11/17,105618,5
C-1001258,企業規模中,サムシングコーポレーション有限会社,関東地方,神奈川県,横浜市港南区,2020/11/18,107476,1
C-1001252,企業規模中,合資会社パーマ吉野,関西地方,大阪府,大阪市生野区,2020/11/18,105083,1
C-1001270,企業規模小,株式会社レッツ,九州,福岡県,糟屋郡篠栗町,2020/11/18,105580,2
C-1001269,企業規模中,株式会社桜,中国地方,広島県,広島市安佐南区,2020/11/18,104482,4
C-1001254,企業規模小,株式会社山商,関東地方,東京都,江戸川区,2020/11/18,107878,4
C-1001255,企業規模小,蓮の花コレクション有限会社,北海道,北海道,札幌市白石区,2020/11/20,103469,1
C-1001264,企業規模小,株式会社松本工務店,中部地方,愛知県,名古屋市中区,2020/11/20,102065,4
C-1001271,企業規模小,有限会社コスモ企画,関東地方,東京都,千代田区,2020/11/26,103937,2
C-1001261,企業規模大,有限会社石川商事,東北地方,秋田県,秋田市,2020/11/26,102443,4
C-1001257,企業規模小,伊賀自動車販賣合名会社,九州,沖縄県,浦添市,2020/11/27,104591,2
C-1001253,企業規模小,合同会社検査ぶんせき技術士事務所,関東地方,神奈川県,川崎市多摩区,2020/11/27,106122,2
C-1001263,企業規模小,合資会社三重径木工業所,関東地方,茨城県,日立市,2020/11/27,102865,3
C-1001265,企業規模小,株式会社コジマ,関東地方,東京都,世田谷区,2020/11/27,100556,1
C-1001268,その他,有限会社ワコー,関東地方,東京都,大田区,2020/11/27,100556,1
C-1001248,企業規模小,株式会社カネコ,関東地方,東京都,調布市,2020/11/27,102125,4
C-1001260,企業規模小,有限会社大塚商店,関東地方,千葉県,松戸市,2020/11/30,101824,5
C-1001278,企業規模小,株式会社サニー,九州,福岡県,福岡市西区,2020/12/1,105580,1
C-1001283,企業規模小,有限会社オオツカ,関東地方,神奈川県,横浜市金沢区,2020/12/1,101927,3
C-1001275,その他,有限会社フォレスト,関東地方,東京都,世田谷区,2020/12/1,100556,1
C-1001274,企業規模小,中村砂利有限会社,関東地方,東京都,港区,2020/12/1,100002,3
C-1001300,企業規模小,有限会社フジイ,北海道,北海道,札幌市中央区,2020/12/4,100095,3
C-1001273,企業規模小,合同会社Ｃ＆Ｉ,関西地方,大阪府,大阪市住吉区,2020/12/4,100352,2
C-1001301,企業規模小,有限会社トミタ,関東地方,東京都,目黒区,2020/12/5,100002,2
C-1001282,企業規模中,有限会社オリジン,関東地方,東京都,港区,2020/12/8,100556,1
C-1001279,企業規模大,株式会社クリエイション,関東地方,東京都,世田谷区,2020/12/8,101128,5
C-1001276,企業規模小,合資会社レトロフィット,九州,宮崎県,日向市,2020/12/10,104591,2
C-1001295,企業規模小,株式会社レック,中部地方,愛知県,名古屋市北区,2020/12/11,102065,4
C-1001298,その他,株式会社まほろば,関東地方,東京都,港区,2020/12/11,105689,5
C-1001272,その他,合資会社三共材木店,関東地方,神奈川県,横浜市中区,2020/12/14,107476,2
C-1001277,企業規模中,株式会社キュービック,関東地方,東京都,北区,2020/12/15,107878,4
C-1001294,企業規模小,常道サービス合資会社,関西地方,兵庫県,姫路市,2020/12/16,101013,3
C-1001296,企業規模中,株式会社ひまわり,中部地方,愛知県,名古屋市天白区,2020/12/18,102890,1
C-1001291,企業規模中,株式会社昌栄,関東地方,埼玉県,川口市,2020/12/18,103203,4
C-1001284,企業規模中,株式会社ユニバーサル,関西地方,大阪府,大阪市北区,2020/12/20,100798,2
C-1001290,企業規模中,合名会社マルイチ商店,関東地方,神奈川県,横浜市泉区,2020/12/21,100324,4
C-1001297,その他,有限会社池田工業,関西地方,兵庫県,西宮市,2020/12/25,101013,2
C-1001287,企業規模大,株式会社フェイス,関東地方,神奈川県,横浜市南区,2020/12/26,105743,4
C-1001281,企業規模大,鈴木産業株式会社,中部地方,福井県,福井市,2020/12/27,100376,3
C-1001280,その他,株式会社BASE,中国地方,広島県,福山市,2020/12/28,104482,1
C-1001292,企業規模中,有限会社マツイ,中国地方,広島県,安芸郡熊野町,2020/12/28,101715,5
C-1001293,企業規模中,桑名食品合資会社,関東地方,千葉県,市川市,2020/12/28,101824,5
C-1001285,企業規模小,海老根建材有限会社,北海道,北海道,札幌市豊平区,2020/12/29,100173,5
C-1001299,企業規模中,真壁石材合名会社,中部地方,愛知県,名古屋市中村区,2020/12/30,104444,4
C-1001288,企業規模小,合名会社魚半樓,関東地方,東京都,練馬区,2020/12/31,107736,5
C-1001286,企業規模小,稲野辺商事合名会社,関東地方,東京都,新宿区,2020/12/31,100556,1
C-1001313,企業規模大,株式会社ニューライフ,関東地方,東京都,新宿区,2021/1/6,100556,3
C-1001316,企業規模小,Ｄ-ＢＯＸ合同会社,関東地方,東京都,豊島区,2021/1/7,100556,3
C-1001302,その他,有限会社ツインズ,関東地方,東京都,中野区,2021/1/7,101782,3
C-1001314,その他,合資会社久野ポンプ工業所,中部地方,静岡県,静岡市葵区,2021/1/9,107395,3
C-1001308,企業規模小,株式会社ALIVE,関西地方,大阪府,大阪市西区,2021/1/11,106237,2
C-1001307,企業規模小,合同会社コスモクリエイション,関東地方,神奈川県,横浜市鶴見区,2021/1/11,102718,4
C-1001310,企業規模小,株式会社シグマ,中部地方,愛知県,名古屋市中川区,2021/1/11,102890,5
C-1001306,その他,有限会社さいとう,関東地方,東京都,品川区,2021/1/13,105849,2
C-1001312,企業規模小,合名会社川西商店,関東地方,東京都,羽村市,2021/1/14,100556,3
C-1001305,企業規模大,合名会社上利呉服店,関西地方,大阪府,大阪市西淀川区,2021/1/18,106237,1
C-1001303,企業規模小,有限会社プラム,中国地方,岡山県,岡山市北区,2021/1/18,101428,4
C-1001311,企業規模小,株式会社コウケン,九州,沖縄県,那覇市,2021/1/19,104591,2
C-1001309,企業規模小,有限会社鈴木商店,中部地方,愛知県,名古屋市中村区,2021/1/22,102065,3
C-1001315,企業規模中,合資会社交成社コロヂオン工業所,関東地方,神奈川県,川崎市幸区,2021/1/24,101927,3
C-1001317,企業規模小,有限会社ワールド,関東地方,神奈川県,横浜市都筑区,2021/1/28,100324,2
C-1001304,企業規模大,三村合資会社,関東地方,東京都,西東京市,2021/1/31,103675,3
C-1001326,企業規模小,株式会社みずほ,中部地方,愛知県,名古屋市東区,2021/2/2,102890,3
C-1001321,企業規模中,株式会社ケイエス,中部地方,静岡県,島田市,2021/2/5,102114,4
C-1001319,企業規模大,合名会社エスポワール,中部地方,愛知県,名古屋市西区,2021/2/9,102890,2
C-1001322,企業規模中,有限会社サンクリエイト,東北地方,宮城県,仙台市青葉区,2021/2/12,102214,3
C-1001325,その他,神前タクシー有限会社,関東地方,東京都,渋谷区,2021/2/14,101971,2
C-1001320,企業規模小,株式会社山田製作所,九州,福岡県,大野城市,2021/2/15,101056,4
C-1001323,企業規模中,株式会社プロテクト,関東地方,神奈川県,横浜市中区,2021/2/24,101206,3
C-1001324,企業規模小,有限会社セイワ,関東地方,埼玉県,新座市,2021/2/24,101554,3
C-1001327,企業規模中,株式会社ゼロ,関東地方,神奈川県,伊勢原市,2021/2/24,101927,2
C-1001318,企業規模中,株式会社サンエイ,関東地方,東京都,墨田区,2021/2/26,107115,3
C-1001337,企業規模小,合名会社釜萬,北海道,北海道,苫小牧市,2021/3/1,102127,3
C-1001329,企業規模大,株式会社クライス,中部地方,愛知県,名古屋市中区,2021/3/3,102890,5
C-1001338,企業規模大,有限会社ナイス,関西地方,大阪府,大阪市淀川区,2021/3/5,105523,3
C-1001339,企業規模小,有限会社富士屋,関東地方,東京都,港区,2021/3/12,106938,3
C-1001333,その他,亀屋合名会社,中国地方,岡山県,岡山市中区,2021/3/16,101428,3
C-1001335,企業規模大,合名会社大黒屋呉服店,関西地方,大阪府,大阪市住之江区,2021/3/22,105523,2
C-1001330,企業規模小,株式会社プロテック,中部地方,愛知県,名古屋市中村区,2021/3/24,103462,3
C-1001336,企業規模中,株式会社ブレインズ,北海道,北海道,札幌市西区,2021/3/25,100095,2
C-1001332,企業規模中,ゴール合名会社,関西地方,大阪府,池田市,2021/3/26,102434,3
C-1001334,企業規模中,株式会社コニシ,関東地方,東京都,港区,2021/3/29,102125,4
C-1001331,企業規模中,株式会社フラップ,関西地方,大阪府,大阪市中央区,2021/3/29,100352,2
C-1001328,その他,株式会社タカラ,九州,福岡県,福岡市東区,2021/3/31,101056,4
C-1001340,企業規模大,株式会社ダイコー,関東地方,東京都,品川区,2021/4/9,103937,3
C-1001348,企業規模中,株式会社ダイサン,関西地方,奈良県,北葛城郡王寺町,2021/4/10,101809,4
C-1001349,企業規模小,株式会社アイコム,関東地方,埼玉県,鴻巣市,2021/4/14,103203,4
C-1001342,企業規模大,株式会社サンエー,関東地方,東京都,杉並区,2021/4/14,100556,3
C-1001344,企業規模小,有限会社プラウド,関東地方,東京都,豊島区,2021/4/19,100556,4
C-1001341,企業規模中,有限会社柏屋,中国地方,広島県,広島市東区,2021/4/19,104482,4
C-1001345,企業規模中,富士工業株式会社,中国地方,広島県,広島市安佐北区,2021/4/22,104482,2
C-1001343,企業規模小,合名会社藤室商店,関東地方,埼玉県,さいたま市浦和区,2021/4/23,101554,3
C-1001346,企業規模小,有限会社エス企画,関東地方,東京都,足立区,2021/4/26,101971,3
C-1001347,企業規模中,有限会社秋山商店,関東地方,東京都,練馬区,2021/4/26,106938,3
C-1001352,企業規模小,株式会社T＆K,関西地方,大阪府,大阪市港区,2021/5/1,100352,3
C-1001361,企業規模中,株式会社コンパス,関東地方,東京都,台東区,2021/5/1,106938,3
C-1001354,企業規模大,有限会社ライズ,関東地方,東京都,港区,2021/5/2,107855,4
C-1001355,企業規模中,株式会社リプロ,九州,沖縄県,沖縄市,2021/5/11,103439,3
C-1001359,企業規模小,株式会社佐藤商店,中部地方,愛知県,名古屋市西区,2021/5/12,103462,3
C-1001358,企業規模中,合名会社川又薬局,関東地方,東京都,港区,2021/5/15,107878,3
C-1001350,企業規模中,株式会社HIRO,中部地方,愛知県,半田市,2021/5/17,102890,4
C-1001351,企業規模中,有限会社オリオン,関東地方,東京都,文京区,2021/5/18,105618,3
C-1001353,企業規模中,株式会社ゼウス,中部地方,愛知県,名古屋市中村区,2021/5/18,102890,2
C-1001356,企業規模小,有限会社藤屋,北海道,北海道,石狩市,2021/5/21,103469,5
C-1001362,企業規模中,株式会社中商,中部地方,石川県,野々市市,2021/5/27,100376,3
C-1001360,企業規模大,ＬＵＣＫ,関西地方,兵庫県,神戸市中央区,2021/5/28,101812,2
C-1001357,企業規模大,株式会社アルプス,関東地方,埼玉県,さいたま市浦和区,2021/5/28,103203,4
C-1001373,企業規模小,株式会社アスク,関東地方,東京都,世田谷区,2021/6/2,101325,3
C-1001363,企業規模小,有限会社佐藤商会,関東地方,東京都,世田谷区,2021/6/7,100556,3
C-1001372,企業規模中,株式会社ファミリー,九州,福岡県,福岡市博多区,2021/6/8,101056,3
C-1001377,企業規模中,株式会社プラネット,関東地方,神奈川県,横浜市磯子区,2021/6/8,107476,3
C-1001370,企業規模小,合同会社エトワール,九州,福岡県,福岡市博多区,2021/6/9,101056,2
C-1001369,企業規模中,株式会社アルテック,関東地方,東京都,世田谷区,2021/6/9,107855,2
C-1001368,企業規模中,株式会社ライフワーク,東北地方,岩手県,盛岡市,2021/6/10,102443,3
C-1001375,企業規模中,株式会社TKコーポレーション,関東地方,東京都,新宿区,2021/6/11,101971,3
C-1001366,企業規模中,有限会社オーテック,関東地方,東京都,中野区,2021/6/13,100556,3
C-1001367,企業規模中,有限会社オクムラ,関西地方,大阪府,大阪市淀川区,2021/6/17,100352,3
C-1001364,その他,株式会社夢,関東地方,千葉県,佐倉市,2021/6/21,107576,3
C-1001374,企業規模小,株式会社ミナミ,関西地方,兵庫県,川西市,2021/6/21,101013,4
C-1001376,企業規模小,有限会社大門,北海道,北海道,札幌市中央区,2021/6/21,100095,4
C-1001371,企業規模中,株式会社三幸,関東地方,東京都,西東京市,2021/6/25,102498,3
C-1001365,企業規模小,株式会社BOND,関東地方,東京都,港区,2021/6/28,101128,3
C-1001381,企業規模大,合資会社エクセル・シア,中国地方,広島県,広島市安佐南区,2021/7/5,104482,3
C-1001379,企業規模小,合資会社日本ビジネス環境開発,関東地方,東京都,墨田区,2021/7/10,107328,3
C-1001384,企業規模小,株式会社エム,関西地方,大阪府,大阪市中央区,2021/7/13,105083,3
C-1001383,企業規模小,有限会社山口建設,関東地方,埼玉県,さいたま市大宮区,2021/7/20,101554,3
C-1001378,企業規模中,合資会社高村商店,九州,沖縄県,浦添市,2021/7/21,104591,3
C-1001380,企業規模中,有限会社高橋工務店,関東地方,千葉県,我孫子市,2021/7/21,107576,2
C-1001385,企業規模小,有限会社山本建設,北海道,北海道,旭川市,2021/7/22,101292,4
C-1001388,企業規模小,株式会社アネックス,関東地方,東京都,江戸川区,2021/7/22,107855,4
C-1001386,企業規模中,合同会社クロスライン,関東地方,埼玉県,加須市,2021/7/25,101554,2
C-1001382,企業規模中,有限会社アクア,関東地方,東京都,港区,2021/7/26,102498,3
C-1001387,企業規模小,株式会社信和,中部地方,愛知県,名古屋市港区,2021/7/29,102065,4
C-1001389,企業規模中,高橋建設株式会社,関東地方,神奈川県,横浜市鶴見区,2021/7/29,101927,3
C-1001394,企業規模小,有限会社長谷川商店,関東地方,東京都,港区,2021/8/2,100556,3
C-1001393,その他,有限会社タイム,関東地方,千葉県,千葉市中央区,2021/8/3,103010,2
C-1001391,企業規模中,合資会社シーエムエヌライフ,九州,福岡県,糟屋郡宇美町,2021/8/5,102197,3
C-1001400,企業規模小,合名会社青柳鐵店,関東地方,東京都,練馬区,2021/8/15,100556,4
C-1001402,企業規模中,株式会社BONDS,九州,福岡県,福岡市中央区,2021/8/19,102197,4
C-1001398,企業規模小,根本合名会社,中部地方,岐阜県,羽島郡岐南町,2021/8/20,100376,2
C-1001395,企業規模中,有限会社ビッグ,東北地方,宮城県,仙台市青葉区,2021/8/23,102214,3
C-1001399,企業規模小,合同会社キャマラード,関西地方,大阪府,枚方市,2021/8/24,106237,3
C-1001396,企業規模小,有限会社アクティブ,中国地方,広島県,広島市中区,2021/8/25,104482,3
C-1001401,企業規模大,株式会社ヤシマ,関東地方,東京都,港区,2021/8/27,105874,3
C-1001390,企業規模小,株式会社K＆M,関東地方,千葉県,八千代市,2021/8/28,107576,4
C-1001397,企業規模大,有限会社パル,関西地方,大阪府,大阪市中央区,2021/8/30,102241,4
C-1001392,企業規模中,有限会社わたなべ,関東地方,栃木県,小山市,2021/8/30,102865,4
C-1001407,企業規模小,株式会社TMコーポレーション,関西地方,大阪府,東大阪市,2021/9/13,105083,4
C-1001409,企業規模小,合名会社三佳食堂,関西地方,京都府,京都市東山区,2021/9/14,101809,4
C-1001404,企業規模小,有限会社メイプル,関東地方,神奈川県,厚木市,2021/9/20,101927,3
C-1001408,企業規模小,合資会社海野材木店,九州,鹿児島県,指宿市,2021/9/24,104591,3
C-1001406,企業規模小,株式会社アクロス,関東地方,東京都,世田谷区,2021/9/24,100556,4
C-1001410,企業規模小,有限会社イワタ,関東地方,神奈川県,横浜市緑区,2021/9/27,107476,2
C-1001403,企業規模小,合同会社ミトアス,関西地方,大阪府,大阪市東成区,2021/9/27,102241,2
C-1001405,企業規模小,合資会社エーテル,中部地方,愛知県,名古屋市瑞穂区,2021/9/27,104444,3
C-1001416,企業規模大,株式会社アイアール,関東地方,茨城県,日立市,2021/10/13,107187,2
C-1001411,企業規模小,有限会社高橋,関東地方,神奈川県,横浜市中区,2021/10/18,103882,3
C-1001412,企業規模大,有限会社ルーツ,関西地方,大阪府,高槻市,2021/10/18,105523,3
C-1001415,企業規模中,合同会社コースタルテラス,関東地方,東京都,中野区,2021/10/19,107736,3
C-1001414,企業規模中,石塚丸魚川健合資会社,関西地方,兵庫県,神戸市中央区,2021/10/22,101013,3
C-1001417,企業規模小,塙産業合資会社,北海道,北海道,札幌市白石区,2021/10/23,103469,2
C-1001413,企業規模中,株式会社AMS,関東地方,東京都,豊島区,2021/10/26,100446,2
C-1001426,企業規模小,合資会社轟商會,関西地方,大阪府,枚方市,2021/11/3,106237,3
C-1001418,企業規模小,株式会社オービット,九州,福岡県,福岡市博多区,2021/11/11,105580,4
C-1001423,企業規模中,有限会社栄和,中部地方,愛知県,名古屋市中村区,2021/11/12,102890,2
C-1001420,企業規模大,合同会社ＣＧＧ,中部地方,福井県,福井市,2021/11/12,100376,3
C-1001419,企業規模小,鹿島商事合資会社,北海道,北海道,夕張郡栗山町,2021/11/17,101542,3
C-1001424,企業規模中,株式会社創和,関東地方,東京都,千代田区,2021/11/20,102033,3
C-1001422,企業規模小,株式会社三協,関東地方,埼玉県,川口市,2021/11/22,103314,3
C-1001425,企業規模小,株式会社ムラカミ,九州,福岡県,福岡市南区,2021/11/23,101056,4
C-1001421,企業規模小,合名会社さつて屋商店,関東地方,神奈川県,川崎市幸区,2021/11/30,102718,4
C-1001430,企業規模中,有限会社ゴールド,中部地方,愛知県,名古屋市緑区,2021/12/3,102065,4
C-1001437,企業規模中,合同会社庄内太陽光発電所,関東地方,東京都,文京区,2021/12/3,106938,4
C-1001434,企業規模中,合資会社樫村商店,関西地方,兵庫県,尼崎市,2021/12/3,101013,4
C-1001427,企業規模大,合名会社山口,中部地方,愛知県,名古屋市港区,2021/12/6,102890,3
C-1001436,企業規模中,川崎産業合資会社,中国地方,岡山県,倉敷市,2021/12/7,100643,2
C-1001435,企業規模小,株式会社ACE,関東地方,東京都,多摩市,2021/12/7,105874,3
C-1001433,企業規模小,有限会社ベルウッド,関東地方,東京都,港区,2021/12/10,101128,2
C-1001432,企業規模中,合同会社ｉｄｅａ,関東地方,東京都,荒川区,2021/12/13,100002,4
C-1001429,企業規模大,合資会社瀬田農園,関東地方,東京都,豊島区,2021/12/21,107855,3
C-1001431,企業規模中,株式会社ロード,関東地方,東京都,品川区,2021/12/24,105849,4
C-1001428,企業規模小,岡部合名会社,関東地方,東京都,立川市,2021/12/27,105689,3
C-1001438,企業規模中,合資会社常磐組,関東地方,埼玉県,所沢市,2021/12/29,101554,3
C-1001440,企業規模小,株式会社スマート,関東地方,東京都,足立区,2022/1/1,107051,3
C-1001457,企業規模小,有限会社中川商店,関東地方,東京都,世田谷区,2022/1/2,107051,2
C-1001452,企業規模小,渡辺縫製有限会社,関東地方,東京都,武蔵野市,2022/1/5,102498,3
C-1001444,企業規模小,株式会社イズム,関東地方,東京都,杉並区,2022/1/9,100556,4
C-1001447,企業規模中,有限会社カワサキ,関東地方,埼玉県,さいたま市岩槻区,2022/1/11,103203,2
C-1001462,その他,合同会社ルート,関西地方,滋賀県,草津市,2022/1/12,101809,2
C-1001454,企業規模中,合資会社三重實業興信所,関東地方,東京都,港区,2022/1/12,100556,4
C-1001458,企業規模小,合資会社丸正,関東地方,神奈川県,横浜市都筑区,2022/1/14,101206,3
C-1001450,企業規模小,株式会社スズキ,中部地方,山梨県,甲府市,2022/1/14,100376,3
C-1001459,企業規模中,合資会社堀松商店,北海道,北海道,札幌市白石区,2022/1/15,106016,3
C-1001439,企業規模中,有限会社遠藤工業,関西地方,兵庫県,神戸市中央区,2022/1/17,101013,3
C-1001460,企業規模小,有限会社ユニバース,九州,福岡県,福岡市中央区,2022/1/17,105580,2
C-1001442,企業規模小,株式会社パル,九州,福岡県,北九州市小倉南区,2022/1/19,103358,2
C-1001449,企業規模中,株式会社ユアーズ,四国,徳島県,徳島市,2022/1/20,100726,1
C-1001445,企業規模小,株式会社ベクトル,東北地方,秋田県,秋田市,2022/1/20,102443,3
C-1001461,企業規模小,合名会社熊重商店,関西地方,大阪府,四條畷市,2022/1/21,102241,3
C-1001451,企業規模小,有限会社杉山商店,関東地方,神奈川県,横浜市神奈川区,2022/1/22,103882,3
C-1001453,企業規模小,株式会社田中製作所,関西地方,大阪府,大阪市淀川区,2022/1/24,105083,2
C-1001446,その他,有限会社フィット,関東地方,東京都,葛飾区,2022/1/25,107855,4
C-1001448,企業規模小,有限会社アート,北海道,北海道,札幌市西区,2022/1/26,105438,4
C-1001456,その他,株式会社セカンド,中部地方,愛知県,名古屋市名東区,2022/1/27,102890,4
C-1001455,企業規模小,有限会社ライフワーク,関東地方,東京都,三鷹市,2022/1/28,100556,3
C-1001441,企業規模大,株式会社フォルム,関東地方,東京都,葛飾区,2022/1/30,100556,2
C-1001443,企業規模小,アシストワークス合同会社,関東地方,東京都,杉並区,2022/1/30,105618,4
C-1001483,企業規模小,有限会社アトム,東北地方,山形県,山形市,2022/2/1,102443,2
C-1001473,企業規模中,有限会社斉藤製作所,関東地方,茨城県,土浦市,2022/2/1,102865,3
C-1001468,企業規模中,株式会社HANA,関西地方,大阪府,大阪市淀川区,2022/2/1,102434,3
C-1001471,企業規模中,株式会社ライフライン,中国地方,広島県,広島市安芸区,2022/2/3,104482,3
C-1001480,企業規模大,有限会社遠藤商店,関東地方,東京都,世田谷区,2022/2/4,107115,5
C-1001475,企業規模中,有限会社クレール,関東地方,東京都,東大和市,2022/2/4,100002,3
C-1001469,企業規模中,有限会社ファースト,関東地方,東京都,杉並区,2022/2/5,107855,3
C-1001479,その他,合名会社神楽園,関東地方,東京都,港区,2022/2/6,105689,1
C-1001481,企業規模小,合名会社松田農園,中部地方,愛知県,名古屋市天白区,2022/2/9,102890,3
C-1001466,企業規模小,有限会社サンコーポレーション,関東地方,東京都,町田市,2022/2/11,100556,2
C-1001472,企業規模小,株式会社ネクサス,関東地方,神奈川県,横浜市瀬谷区,2022/2/12,101206,4
C-1001482,企業規模中,有限会社イング,北海道,北海道,美唄市,2022/2/13,100173,2
C-1001465,企業規模大,株式会社AXIS,関西地方,大阪府,大阪市東住吉区,2022/2/13,100798,3
C-1001477,企業規模大,有限会社鈴木組,関東地方,東京都,江東区,2022/2/14,107115,3
C-1001485,企業規模小,株式会社加藤工務店,北海道,北海道,札幌市北区,2022/2/14,102127,3
C-1001467,企業規模中,合同会社ナカムラ山事,関西地方,大阪府,大阪市中央区,2022/2/15,102241,2
C-1001474,企業規模中,合資会社ハリマヤ,関東地方,埼玉県,戸田市,2022/2/16,101554,4
C-1001486,企業規模小,株式会社大進,九州,沖縄県,宜野湾市,2022/2/17,104591,3
C-1001470,企業規模小,株式会社タカノ,関東地方,千葉県,柏市,2022/2/23,101824,4
C-1001476,企業規模大,山本電化製莚合資会社,関東地方,東京都,小金井市,2022/2/23,105618,2
C-1001464,企業規模大,株式会社シンセイ,中国地方,広島県,広島市南区,2022/2/24,104482,3
C-1001463,企業規模大,合資会社丸兵商店,関東地方,東京都,八王子市,2022/2/26,101128,3
C-1001478,企業規模中,株式会社ハヤカワ,関東地方,東京都,品川区,2022/2/27,101782,4
C-1001484,その他,有井木材生産合資会社,関東地方,東京都,目黒区,2022/2/28,100556,2
C-1001505,企業規模小,有限会社エイコー,関東地方,東京都,港区,2022/3/2,101971,4
C-1001500,企業規模小,株式会社池田商店,北海道,北海道,苫小牧市,2022/3/4,101292,3
C-1001495,企業規模中,合名会社やまいち化粧品店,九州,福岡県,大野城市,2022/3/4,102197,3
C-1001507,企業規模小,有限会社伊藤工業,関東地方,神奈川県,横浜市港北区,2022/3/4,101927,3
C-1001492,企業規模小,合資会社ビル中村屋,関東地方,神奈川県,横浜市鶴見区,2022/3/6,102718,4
C-1001487,企業規模小,合資会社木橋商店,関東地方,東京都,東村山市,2022/3/7,107855,2
C-1001498,企業規模中,株式会社みどり,中国地方,岡山県,倉敷市,2022/3/8,101428,3
C-1001504,その他,有限会社オクト,関東地方,埼玉県,春日部市,2022/3/10,101554,2
C-1001506,企業規模小,ＴＯＫＡＩ,中部地方,愛知県,碧南市,2022/3/11,102890,2
C-1001499,その他,有限会社インフィニティ,東北地方,秋田県,秋田市,2022/3/16,102443,4
C-1001494,企業規模小,宏明技研有限会社,北海道,北海道,札幌市北区,2022/3/17,100173,3
C-1001501,企業規模小,株式会社高橋,関東地方,神奈川県,横浜市鶴見区,2022/3/18,101206,3
C-1001489,その他,株式会社ランドマーク,北海道,北海道,札幌市南区,2022/3/21,101292,4
C-1001497,企業規模中,株式会社ユニオン,北海道,北海道,札幌市中央区,2022/3/21,100095,3
C-1001496,企業規模小,エステック株式会社,中部地方,長野県,飯田市,2022/3/23,100376,2
C-1001493,企業規模中,有限会社ソレイユ,九州,福岡県,福岡市南区,2022/3/25,105580,2
C-1001491,企業規模小,株式会社イケダ,関東地方,東京都,豊島区,2022/3/25,100002,4
C-1001488,企業規模小,株式会社みやび,関東地方,東京都,墨田区,2022/3/26,101782,4
C-1001503,企業規模小,株式会社前田商店,関西地方,大阪府,大阪市中央区,2022/3/28,102241,4
C-1001490,企業規模中,株式会社コバヤシ,関東地方,東京都,台東区,2022/3/28,101971,4
C-1001502,企業規模小,株式会社スギモト,中国地方,岡山県,倉敷市,2022/3/31,101428,4
C-1001526,企業規模中,有限会社エイブル,北海道,北海道,釧路郡釧路町,2022/4/1,100095,4
C-1001517,企業規模中,リアンインターナショナル合同会社,東北地方,青森県,青森市,2022/4/2,102443,3
C-1001527,企業規模大,株式会社リボーン,関東地方,千葉県,千葉市中央区,2022/4/3,101824,2
C-1001512,企業規模小,北友会合同会社,九州,熊本県,熊本市西区,2022/4/3,104591,3
C-1001511,企業規模中,株式会社グランド,関西地方,大阪府,東大阪市,2022/4/4,105083,3
C-1001530,企業規模大,合資会社藤屋,関西地方,大阪府,大阪市東住吉区,2022/4/5,105083,3
C-1001520,企業規模中,株式会社LEAP,関東地方,神奈川県,大和市,2022/4/6,100324,4
C-1001529,企業規模小,合同会社ｉＣｏｎ,関西地方,大阪府,大阪市大正区,2022/4/6,105083,2
C-1001515,企業規模小,合名会社工芸物産,関西地方,兵庫県,神戸市中央区,2022/4/6,101013,3
C-1001519,企業規模中,株式会社イノウエ,関東地方,東京都,新宿区,2022/4/6,103937,2
C-1001531,企業規模中,有限会社ロード,北海道,北海道,赤平市,2022/4/9,106016,4
C-1001521,企業規模小,株式会社三和,九州,福岡県,福岡市中央区,2022/4/11,105580,3
C-1001523,企業規模小,合資会社和光書店,関西地方,大阪府,大阪市中央区,2022/4/11,100798,3
C-1001508,企業規模中,合同会社Ｔ．Ｍ建設,関東地方,東京都,江戸川区,2022/4/12,105618,2
C-1001509,企業規模小,株式会社サンライズ,関西地方,兵庫県,姫路市,2022/4/13,101812,3
C-1001516,企業規模中,株式会社ISM,東北地方,山形県,天童市,2022/4/13,100118,4
C-1001525,企業規模中,有限会社中村建設,九州,福岡県,糸島市,2022/4/18,102197,3
C-1001513,企業規模小,合資会社大瀬勇商店,関東地方,茨城県,水戸市,2022/4/21,102865,3
C-1001518,企業規模大,株式会社木村,関東地方,東京都,台東区,2022/4/22,100556,2
C-1001522,企業規模中,合同会社しるし,関東地方,東京都,大田区,2022/4/25,106938,3
C-1001524,企業規模中,株式会社トリム,北海道,北海道,釧路市,2022/4/25,106016,3
C-1001532,企業規模中,有限会社トップス,関東地方,東京都,豊島区,2022/4/26,107051,3
C-1001528,企業規模中,有限会社クラウン,関東地方,埼玉県,さいたま市浦和区,2022/4/26,100650,4
C-1001510,企業規模小,有限会社渡辺建設,関西地方,兵庫県,神戸市垂水区,2022/4/29,101812,4
C-1001514,企業規模小,株式会社ワイテック,関西地方,兵庫県,尼崎市,2022/4/29,101812,3
C-1001554,企業規模中,株式会社ウェル,北海道,北海道,帯広市,2022/5/1,101542,3
C-1001551,その他,合同会社サイテックサポート,中部地方,愛知県,名古屋市東区,2022/5/3,104444,3
C-1001550,企業規模小,合同会社ペティゴ,関東地方,埼玉県,川口市,2022/5/5,100650,5
C-1001535,その他,合資会社メンズシヨツプマセ,関東地方,東京都,墨田区,2022/5/6,100556,2
C-1001534,企業規模中,株式会社サイトー,関東地方,埼玉県,さいたま市北区,2022/5/6,100650,4
C-1001533,企業規模小,合同会社港町ケアプランセンター,関西地方,兵庫県,神戸市中央区,2022/5/6,101013,3
C-1001547,企業規模小,合名会社長谷川製飴所,関東地方,神奈川県,鎌倉市,2022/5/8,106122,4
C-1001552,その他,有限会社山口商店,九州,宮崎県,延岡市,2022/5/8,104591,3
C-1001555,企業規模中,株式会社K＆T,関東地方,東京都,港区,2022/5/11,100556,3
C-1001543,その他,有限会社井上工務店,関東地方,東京都,江戸川区,2022/5/11,101325,4
C-1001536,企業規模小,合名会社田所商店,九州,熊本県,熊本市東区,2022/5/12,101512,3
C-1001553,企業規模小,有限会社田中商事,関西地方,大阪府,大阪市淀川区,2022/5/12,100516,3
C-1001545,企業規模中,株式会社H＆M,関東地方,神奈川県,横浜市金沢区,2022/5/12,106122,3
C-1001548,企業規模小,株式会社かがやき,九州,福岡県,福岡市早良区,2022/5/13,105580,2
C-1001537,企業規模中,株式会社日商,関東地方,神奈川県,横浜市南区,2022/5/14,107476,4
C-1001546,企業規模中,アドバンス株式会社,北海道,北海道,札幌市中央区,2022/5/19,101292,3
C-1001539,企業規模小,合同会社夢庵,関東地方,東京都,江戸川区,2022/5/20,105849,3
C-1001540,企業規模中,有限会社アークス,関西地方,大阪府,大阪市港区,2022/5/20,101242,4
C-1001544,企業規模中,集団運動をもっと進化させよう合同会社,関東地方,東京都,世田谷区,2022/5/20,100556,2
C-1001538,その他,株式会社ケイコーポレーション,関東地方,東京都,東大和市,2022/5/22,100556,3
C-1001541,企業規模小,株式会社日興,関東地方,東京都,台東区,2022/5/30,103152,4
C-1001542,企業規模小,株式会社ファミリア,関西地方,大阪府,大阪市西区,2022/5/30,100352,2
C-1001549,企業規模小,有限会社ケイ企画,関西地方,兵庫県,西宮市,2022/5/30,101812,3
C-1001567,企業規模中,合名会社山秀商店,四国,高知県,高知市,2022/6/1,100726,4
C-1001574,企業規模小,昭和産業株式会社,中部地方,岐阜県,各務原市,2022/6/2,100376,3
C-1001566,企業規模小,有限会社青木商事,関東地方,東京都,多摩市,2022/6/3,102125,3
C-1001569,企業規模中,大成産業株式会社,関東地方,東京都,練馬区,2022/6/5,100446,3
C-1001579,企業規模小,株式会社雅工業,関東地方,東京都,墨田区,2022/6/6,100556,4
C-1001557,企業規模中,株式会社オンリーワン,関東地方,東京都,大田区,2022/6/6,107115,4
C-1001562,企業規模中,株式会社ベスト,関東地方,東京都,杉並区,2022/6/7,106938,4
C-1001563,その他,東和産業株式会社,九州,福岡県,福岡市南区,2022/6/9,102197,4
C-1001576,企業規模大,株式会社アムール,関東地方,東京都,清瀬市,2022/6/9,105849,2
C-1001564,企業規模小,大福工機有限会社,関東地方,東京都,新宿区,2022/6/13,102498,3
C-1001561,企業規模大,有限会社ハヤカワ,九州,沖縄県,うるま市,2022/6/14,103439,3
C-1001558,企業規模小,株式会社ダイヤ,中国地方,広島県,福山市,2022/6/14,104482,3
C-1001565,企業規模中,有限会社伸栄,中国地方,広島県,広島市東区,2022/6/16,104482,4
C-1001575,企業規模小,合名会社小久保商会,関東地方,千葉県,市川市,2022/6/16,101824,3
C-1001560,企業規模中,合名会社浅沼商会,北海道,北海道,稚内市,2022/6/17,101292,3
C-1001559,企業規模中,合同会社エコリサイクル,関東地方,東京都,台東区,2022/6/17,105874,2
C-1001581,企業規模大,株式会社アルゴ,九州,福岡県,福岡市西区,2022/6/19,105580,4
C-1001570,企業規模小,株式会社グリット,関東地方,東京都,新宿区,2022/6/20,105618,2
C-1001580,企業規模大,株式会社フェリーチェ,関東地方,東京都,台東区,2022/6/20,100556,3
C-1001578,企業規模小,有限会社司商事,関東地方,東京都,世田谷区,2022/6/20,100556,3
C-1001568,企業規模小,株式会社SENSE,九州,熊本県,熊本市南区,2022/6/22,104591,3
C-1001556,企業規模大,株式会社ユナイト,関東地方,東京都,中央区,2022/6/23,105849,3
C-1001573,企業規模大,有限会社エターナル,関東地方,千葉県,木更津市,2022/6/23,107576,3
C-1001571,企業規模小,有限会社ティアラ,関東地方,群馬県,桐生市,2022/6/23,107187,2
C-1001572,企業規模小,株式会社トータルサポート,関東地方,埼玉県,川越市,2022/6/28,100650,3
C-1001577,企業規模小,合名会社稲村工場,関東地方,東京都,町田市,2022/6/29,100556,3
C-1001596,企業規模中,有限会社ユニテック,東北地方,青森県,八戸市,2022/7/2,102443,3
C-1001592,企業規模中,ベスト・エンジニア有限会社,関東地方,埼玉県,深谷市,2022/7/4,103203,3
C-1001605,企業規模小,合資会社田中農具商会,関東地方,神奈川県,川崎市麻生区,2022/7/5,100324,4
C-1001582,企業規模小,株式会社丸福,関東地方,神奈川県,藤沢市,2022/7/7,106122,3
C-1001599,企業規模小,株式会社ルーチェ,関西地方,奈良県,奈良市,2022/7/7,101809,4
C-1001609,企業規模中,有限会社フェニックス,九州,福岡県,福岡市西区,2022/7/8,105580,3
C-1001595,企業規模中,合名会社会沢洋品店,九州,宮崎県,日向市,2022/7/11,104591,3
C-1001594,企業規模小,株式会社コレクト,関東地方,東京都,小金井市,2022/7/11,101971,3
C-1001610,企業規模中,有限会社大栄産業,関東地方,東京都,江東区,2022/7/11,101325,3
C-1001587,その他,株式会社ノーブル,関東地方,神奈川県,横浜市都筑区,2022/7/12,105743,3
C-1001588,企業規模中,株式会社MTS,中部地方,愛知県,瀬戸市,2022/7/12,104444,2
C-1001591,企業規模大,株式会社サポート,関東地方,東京都,台東区,2022/7/14,105689,4
C-1001608,企業規模小,株式会社彩,関東地方,神奈川県,茅ヶ崎市,2022/7/15,103882,3
C-1001603,企業規模大,株式会社K,関東地方,東京都,千代田区,2022/7/15,103937,3
C-1001604,企業規模大,有限会社井上商事,関東地方,東京都,港区,2022/7/18,100446,3
C-1001585,企業規模大,新興タクシー有限会社,関西地方,大阪府,大阪市中央区,2022/7/18,105523,2
C-1001598,その他,株式会社メルシー,関東地方,東京都,世田谷区,2022/7/18,101971,3
C-1001593,企業規模小,株式会社エフォート,関東地方,神奈川県,相模原市中央区,2022/7/18,100324,3
C-1001584,企業規模小,有限会社光陽,関西地方,大阪府,大阪市西区,2022/7/19,102241,3
C-1001600,企業規模中,株式会社ブレーン,関東地方,東京都,目黒区,2022/7/19,100556,4
C-1001590,企業規模小,合名会社三重農具製作所,中部地方,愛知県,名古屋市中川区,2022/7/19,102890,3
C-1001606,企業規模大,株式会社友愛,関東地方,栃木県,宇都宮市,2022/7/19,102865,4
C-1001607,企業規模中,有限会社トータス,関東地方,東京都,東大和市,2022/7/20,103937,3
C-1001586,企業規模大,佐伯木合名会社,関東地方,東京都,江戸川区,2022/7/21,105689,4
C-1001589,企業規模小,有限会社ヒロ・コーポレーション,関東地方,東京都,中野区,2022/7/21,104054,3
C-1001583,企業規模小,有限会社佐藤商事,東北地方,宮城県,登米市,2022/7/22,102214,2
C-1001597,企業規模小,八紘石油有限会社,関西地方,兵庫県,神戸市北区,2022/7/22,101013,2
C-1001602,その他,株式会社ハートフル,関西地方,大阪府,大阪市中央区,2022/7/28,105523,4
C-1001601,企業規模小,株式会社ABC,関東地方,東京都,江東区,2022/7/29,107736,3
C-1001623,企業規模中,有限会社萬屋,関東地方,千葉県,柏市,2022/8/1,101824,1
C-1001613,企業規模小,合同会社岩井サービス,関東地方,東京都,練馬区,2022/8/4,102498,4
C-1001626,企業規模大,株式会社NEXT,関東地方,神奈川県,厚木市,2022/8/5,103882,4
C-1001614,企業規模大,株式会社寿,北海道,北海道,沙流郡日高町,2022/8/5,100173,3
C-1001630,企業規模小,合同会社筋膜メディカル整体院,九州,福岡県,福岡市中央区,2022/8/5,102197,2
C-1001611,企業規模小,株式会社ネクストイノベーション,関東地方,神奈川県,横浜市港北区,2022/8/10,101206,3
C-1001629,企業規模小,有限会社山田商会,関西地方,兵庫県,神戸市灘区,2022/8/11,101812,3
C-1001619,企業規模小,有限会社イマイ,関東地方,東京都,杉並区,2022/8/12,102125,4
C-1001617,その他,株式会社プラム,中部地方,愛知県,名古屋市中区,2022/8/14,103462,3
C-1001624,企業規模小,合資会社大利根製材木工所,関東地方,神奈川県,川崎市中原区,2022/8/15,100568,4
C-1001622,企業規模大,株式会社ネオ,中部地方,福井県,福井市,2022/8/16,107395,3
C-1001616,企業規模大,東和商事株式会社,関西地方,京都府,相楽郡精華町,2022/8/19,101809,3
C-1001612,企業規模小,株式会社ジョイント,関東地方,栃木県,真岡市,2022/8/19,102865,3
C-1001625,企業規模小,大島組建設合資会社,関西地方,京都府,京都市東山区,2022/8/20,101809,3
C-1001618,企業規模中,株式会社KIZUNA,北海道,北海道,恵庭市,2022/8/22,103469,4
C-1001628,企業規模小,有限会社ダイワ,関東地方,千葉県,千葉市美浜区,2022/8/24,104897,4
C-1001615,企業規模小,有限会社ノーブル,関東地方,東京都,港区,2022/8/24,100556,3
C-1001620,企業規模小,株式会社HERO,中部地方,愛知県,岡崎市,2022/8/25,102890,1
C-1001627,企業規模小,合資会社富士屋,中部地方,新潟県,燕市,2022/8/25,102114,3
C-1001621,企業規模大,有限会社クレスト,関東地方,東京都,江戸川区,2022/8/26,102125,4
C-1001631,企業規模小,合名会社三和商店,関東地方,東京都,練馬区,2022/9/2,100446,3
C-1001634,企業規模小,株式会社キムラ,関西地方,大阪府,大阪市中央区,2022/9/4,102241,2
C-1001642,企業規模中,合資会社アィビィシービル,関東地方,東京都,西多摩郡瑞穂町,2022/9/5,100556,2
C-1001641,企業規模大,株式会社大新,関東地方,埼玉県,さいたま市中央区,2022/9/8,101554,3
C-1001652,企業規模大,ＡＡＡ毎月３８００円個人事業主様の記帳経理丸ごとパック全国税理士ネットワーク合資会社,中部地方,愛知県,名古屋市名東区,2022/9/8,103462,4
C-1001650,企業規模中,株式会社ZERO,関東地方,東京都,墨田区,2022/9/11,100556,2
C-1001638,企業規模小,佐川合名会社,中部地方,愛知県,名古屋市中区,2022/9/12,102890,4
C-1001647,企業規模小,有限会社のぞみ,関東地方,神奈川県,横浜市港北区,2022/9/12,100568,4
C-1001651,企業規模小,株式会社サンクチュアリ,関東地方,埼玉県,さいたま市大宮区,2022/9/15,101554,4
C-1001635,企業規模中,株式会社アイ,中部地方,愛知県,名古屋市西区,2022/9/16,103462,3
C-1001637,企業規模中,株式会社ティーエム,関東地方,神奈川県,相模原市南区,2022/9/18,101206,3
C-1001646,企業規模中,合資会社汲川商店,関東地方,東京都,渋谷区,2022/9/19,107051,4
C-1001640,企業規模小,合名会社若野屋呉服店,北海道,北海道,札幌市手稲区,2022/9/19,101292,2
C-1001632,企業規模中,有限会社松本工業,九州,福岡県,福岡市博多区,2022/9/20,105580,3
C-1001649,企業規模小,有限会社中村,関東地方,東京都,目黒区,2022/9/21,107878,3
C-1001636,企業規模小,有限会社ケイ・コーポレーション,北海道,北海道,帯広市,2022/9/26,100095,3
C-1001639,企業規模小,経南木材合名会社,関西地方,兵庫県,神戸市東灘区,2022/9/26,101812,4
C-1001633,企業規模小,有限会社藤工業,中部地方,山梨県,甲府市,2022/9/27,100376,4
C-1001644,企業規模小,グリーンライフスミヤ合同会社,関東地方,東京都,渋谷区,2022/9/29,103675,3
C-1001645,企業規模小,有限会社東洋商事,関東地方,東京都,世田谷区,2022/9/30,103355,3
C-1001648,企業規模小,有限会社ベストライフ,九州,福岡県,福岡市中央区,2022/9/30,101056,4
C-1001643,企業規模大,株式会社クレッシェンド,関西地方,大阪府,茨木市,2022/9/30,100352,4
C-1001659,企業規模小,株式会社トリニティー,北海道,北海道,旭川市,2022/10/2,101542,4
C-1001662,その他,株式会社リアン,関西地方,兵庫県,神戸市垂水区,2022/10/3,101812,3
C-1001678,企業規模中,三和工業株式会社,関東地方,東京都,新宿区,2022/10/4,101128,2
C-1001674,企業規模大,株式会社CONNECT,九州,熊本県,熊本市西区,2022/10/6,103439,2
C-1001664,企業規模中,株式会社YSK,中部地方,長野県,岡谷市,2022/10/7,107395,1
C-1001666,企業規模中,有限会社ラビット,中部地方,愛知県,大府市,2022/10/7,102890,3
C-1001653,企業規模大,有限会社ヤマモト,関東地方,埼玉県,さいたま市岩槻区,2022/10/8,101554,4
C-1001656,企業規模中,合名会社中西工房,関東地方,東京都,新宿区,2022/10/10,107115,2
C-1001669,企業規模中,有限会社大野屋,関東地方,東京都,板橋区,2022/10/11,107051,3
C-1001676,企業規模大,有限会社山正,中部地方,新潟県,新潟市江南区,2022/10/11,102114,1
C-1001655,企業規模大,株式会社ツカサ,関西地方,兵庫県,神戸市垂水区,2022/10/13,101013,4
C-1001654,企業規模大,島田産業有限会社,関西地方,大阪府,吹田市,2022/10/13,100352,3
C-1001667,企業規模中,株式会社ユニゾン,中部地方,愛知県,名古屋市中川区,2022/10/14,102065,3
C-1001658,企業規模小,株式会社SSK,関西地方,兵庫県,姫路市,2022/10/15,101013,3
C-1001668,企業規模中,株式会社アポロ,関東地方,東京都,練馬区,2022/10/17,106938,4
C-1001673,企業規模小,有限会社山崎商店,東北地方,山形県,山形市,2022/10/18,102443,3
C-1001661,その他,株式会社NEXUS,関東地方,神奈川県,横浜市中区,2022/10/19,105743,1
C-1001670,企業規模小,山田真珠合名会社,関西地方,兵庫県,神戸市中央区,2022/10/20,101812,4
C-1001671,企業規模大,株式会社渡辺工業,関東地方,東京都,中野区,2022/10/20,107115,4
C-1001665,企業規模小,有限会社フルハウス,関西地方,兵庫県,神戸市灘区,2022/10/20,101812,3
C-1001675,企業規模小,株式会社大吉,九州,熊本県,熊本市南区,2022/10/21,103439,3
C-1001657,企業規模小,有限会社幸栄,関西地方,大阪府,大阪市西区,2022/10/24,102241,2
C-1001660,企業規模中,富士産業株式会社,関東地方,東京都,江戸川区,2022/10/25,107115,2
C-1001672,企業規模中,有限会社大翔,関東地方,神奈川県,横浜市都筑区,2022/10/27,106122,3
C-1001663,企業規模中,株式会社ラック,関東地方,栃木県,宇都宮市,2022/10/28,107187,2
C-1001677,その他,合名会社茨城裕生,北海道,北海道,札幌市北区,2022/10/30,100173,2
C-1001693,その他,株式会社優和,関東地方,東京都,葛飾区,2022/11/1,100556,3
C-1001688,企業規模小,有限会社吉田建設,関東地方,東京都,墨田区,2022/11/5,105874,3
C-1001680,企業規模大,株式会社アローズ,中部地方,静岡県,島田市,2022/11/7,100376,3
C-1001699,企業規模小,株式会社マルサン,関東地方,千葉県,千葉市中央区,2022/11/7,101824,4
C-1001694,企業規模大,株式会社サンフィールド,中部地方,山梨県,甲府市,2022/11/10,100376,4
C-1001682,企業規模小,小林商事株式会社,中部地方,長野県,飯田市,2022/11/10,102114,4
C-1001696,企業規模大,株式会社アイコーポレーション,関東地方,東京都,目黒区,2022/11/10,101971,4
C-1001700,企業規模小,株式会社ガイア,北海道,北海道,札幌市手稲区,2022/11/10,100095,3
C-1001691,企業規模小,積徳陶器有限会社,関東地方,埼玉県,三郷市,2022/11/14,100650,3
C-1001681,企業規模小,株式会社フォーサイト,北海道,北海道,札幌市中央区,2022/11/15,100095,4
C-1001684,企業規模中,合同会社リハビリケア,中部地方,愛知県,名古屋市南区,2022/11/16,102065,3
C-1001692,企業規模小,株式会社SKT,中部地方,静岡県,浜松市中区,2022/11/16,102468,2
C-1001686,企業規模中,アサヒエンジニアリング有限会社,中部地方,愛知県,稲沢市,2022/11/18,102065,3
C-1001679,企業規模中,株式会社木村商店,中部地方,岐阜県,岐阜市,2022/11/18,100376,2
C-1001702,企業規模大,合名会社濱田商店,関西地方,大阪府,箕面市,2022/11/21,106237,3
C-1001690,企業規模小,有限会社中村産業,東北地方,秋田県,秋田市,2022/11/21,100118,3
C-1001683,企業規模小,有限会社朝日屋,関東地方,神奈川県,川崎市多摩区,2022/11/24,107476,3
C-1001701,企業規模小,合同会社ＡＩ進学ゼミナールひたちなか,関東地方,千葉県,船橋市,2022/11/25,101824,5
C-1001689,企業規模中,山本建設株式会社,関東地方,東京都,大田区,2022/11/25,101782,4
C-1001703,企業規模中,ｅｎｓｏｗａ合同会社,中国地方,広島県,呉市,2022/11/25,104482,3
C-1001698,企業規模大,有限会社マツオカ,関東地方,東京都,中央区,2022/11/28,100556,3
C-1001685,その他,合資会社草野商店,九州,福岡県,福岡市博多区,2022/11/28,105580,3
C-1001687,企業規模小,有限会社ユアーズ,関東地方,東京都,墨田区,2022/11/28,105849,1
C-1001695,企業規模大,十石建設有限会社,関東地方,東京都,台東区,2022/11/28,101782,3
C-1001697,企業規模小,有限会社大樹,東北地方,宮城県,仙台市泉区,2022/11/28,103762,4
C-1001704,企業規模中,株式会社アスカ,関東地方,千葉県,柏市,2022/12/1,103010,3
C-1001709,企業規模小,株式会社MKコーポレーション,関東地方,東京都,葛飾区,2022/12/1,102498,3
C-1001723,企業規模小,合同会社ライトハウス,関東地方,神奈川県,茅ヶ崎市,2022/12/1,102718,3
C-1001712,企業規模小,株式会社ライブ,九州,福岡県,福岡市博多区,2022/12/7,101056,3
C-1001719,企業規模中,有限会社マイスター,関東地方,千葉県,木更津市,2022/12/8,107576,4
C-1001722,企業規模大,株式会社佐藤商事,九州,福岡県,福岡市城南区,2022/12/9,105580,3
C-1001721,企業規模小,有限会社松本,関西地方,大阪府,吹田市,2022/12/12,106237,4
C-1001707,企業規模大,有限会社いとう,関東地方,東京都,新宿区,2022/12/12,102033,3
C-1001718,企業規模小,合同会社ひかり,関東地方,神奈川県,横浜市南区,2022/12/14,103882,2
C-1001708,企業規模大,合名会社丸五商店,関東地方,東京都,新宿区,2022/12/20,100556,3
C-1001720,企業規模大,株式会社ブロッサム,関東地方,東京都,世田谷区,2022/12/23,103675,3
C-1001706,企業規模中,合資会社明治屋洋服店,関東地方,千葉県,柏市,2022/12/25,103010,3
C-1001716,企業規模中,株式会社山田組,関東地方,千葉県,千葉市花見川区,2022/12/25,101824,2
C-1001711,企業規模中,有限会社エムアンドエム,関東地方,東京都,世田谷区,2022/12/26,103937,2
C-1001710,企業規模大,鯉渕合名会社,関東地方,千葉県,流山市,2022/12/26,103010,3
C-1001717,企業規模大,有限会社アイテック,北海道,北海道,旭川市,2022/12/27,101542,2
C-1001705,企業規模中,株式会社クレド,九州,福岡県,福岡市東区,2022/12/27,101056,3
C-1001713,その他,合名会社高畑酒店,九州,福岡県,福岡市博多区,2022/12/27,102197,4
C-1001715,企業規模小,有限会社ウイング,中部地方,新潟県,新潟市西区,2022/12/28,107395,2
C-1001725,企業規模小,まつさか建設有限会社,関東地方,神奈川県,横浜市鶴見区,2022/12/28,102718,4
C-1001724,その他,有限会社タカハシ,四国,香川県,仲多度郡多度津町,2022/12/30,100726,4
C-1001714,その他,合資会社シュン・プロモーション中部,関東地方,東京都,杉並区,2022/12/31,102498,3
C-9999991,その他,テスト会社A,関東地方,東京都,新宿区,1990/1/1,999999,99
C-9999992,テスト,テスト会社B,関東地方,東京都,世田谷区,1990/1/1,999999,99
